Workbook

Sheet minimos
A1: Elemento | B1: N-tot | C1: P-as | D1: K-sol | E1: CaO-tot | F1: MgO-tot | G1: S-tot | H1: B | I1: Co | J1: Cu-sol | K1: Fe-sol | L1: Mn-sol | M1: Mo-sol | N1: SiO2-tot | O1: SiO2-sol | P1: Zn-tot
A2: npk | B2: 0.03 | C2: 0.03 | D2: 0.03 | E2: NA | F2: NA | G2: NA | H2: NA | I2: NA | J2: NA | K2: NA | L2: NA | M2: NA | N2: NA | O2: NA | P2: NA
A3: sec-solo | B3: NA | C3: NA | D3: NA | E3: 0.05 | F3: 0.05 | G3: 0.05 | H3: NA | I3: NA | J3: NA | K3: NA | L3: NA | M3: NA | N3: NA | O3: NA | P3: NA
A4: micro-solo | B4: NA | C4: NA | D4: NA | E4: NA | F4: NA | G4: NA | H4: 0.005 | I4: 0.0002 | J4: 0.002 | K4: 0.002 | L4: 0.002 | M4: 0.0002 | N4: 0.002 | O4: NA | P4: 0.005
A5: micro-mezcla | B5: NA | C5: NA | D5: NA | E5: NA | F5: NA | G5: NA | H5: 0.0002 | I5: 2e-05 | J5: 0.0001 | K5: 0.0001 | L5: 0.0001 | M5: 5e-05 | N5: 0.0002 | O5: NA | P5: 0.0002

Sheet entrada (2)
B5: MATERIA PRIMA | C5: kg / Ton | D5: %/100 kg | E5: C | F5: N | G5: N-NH4 | H5: N-NO3 | I5: N-org | J5: N-ur | K5: P | L5: K | M5: CaO | N5: MgO | O5: S | P5: B | Q5: Co | R5: Cu | S5: Fe | T5: Mn | U5: Mo | V5: SiO2 | W5: Zn | X5: Na
B6: CARBONATO CA | C6: 60 | D6: 6 | M6: 0.44
B7: DOLOMITA | C7: 0 | M7: 0.33 | N7: 0.14
B8: ROCA FOSFORICA | C8: 140 | D8: 14 | K8: 0.24 | M8: 0.3 | O8: 0.05 | V8: 0.1096
B9: SILICATO MG | C9: 440 | D9: 44 | N9: 0.397 | V9: 0.41
B10: SULFATO CA | C10: 360 | D10: 36 | M10: 0.26 | O10: 0.13
B11: SUMA | C11: =SUM(C6:C10) -> 1000 | D11: 100
B12: TOTAL | D12: =SUM(Tabla13[%/100 kg]) -> 100
B14: MATERIA PRIMA | C14: kg / Ton | D14: %/100 kg | E14: Carbono organico total oxidable C | F14: Nitrogeno Total N | G14: Nitrogeno amoniacal | H14: Nitrogeno nitrico | I14: Nitrogeno organico | J14: Nitrogeno ureico | K14: Fosforo asimilable P2O5 | L14: Potasio soluble K2O | M14: Calcio CaO | N14: Magnesio MgO | O14: Azufre S | P14: Boro B | Q14: Cobalto Co | R14: Cobre Cu | S14: Hierro Fe | T14: Manganeso Mn | U14: Molibdeno Mo | V14: Silicio SiO2 | W14: Zinc Zn | X14: Sodio Na
B15: CARBONATO CALCIO - AGROCALES | C15: 100 | D15: =C15/10 -> 10 | E15: =IF(E6="","",E6*$D6/$D$11) | F15: =IF(F6="","",SUM(G15:J15)) | G15: =IF(G6="","",G6*$D6/$D$11) | H15: =IF(H6="","",H6*$D6/$D$11) | I15: =IF(I6="","",I6*$D6/$D$11) | J15: =IF(J6="","",J6*$D6/$D$11) | K15: =IF(K6="","",K6*$D6/$D$11) | L15: =IF(L6="","",L6*$D6/$D$11) | M15: =IF(M6="","",M6*$D6/$D$11) -> 0.0264 | N15: =IF(N6="","",N6*$D6/$D$11) | ... X15: =IF(X6="","",X6*$D6/$D$11)
B16: DOLOMITA - BOLIV. MINERALES | C16: 100 | D16: =C16/10 -> 10 | E16: =IF(E7="","",E7*$D7/$D$11) | F16: =IF(F7="","",SUM(G16:J16)) | G16: =IF(G7="","",G7*$D7/$D$11) | H16: =IF(H7="","",H7*$D7/$D$11) | I16: =IF(I7="","",I7*$D7/$D$11) | J16: =IF(J7="","",J7*$D7/$D$11) | K16: =IF(K7="","",K7*$D7/$D$11) | L16: =IF(L7="","",L7*$D7/$D$11) | M16: =IF(M7="","",M7*$D7/$D$11) -> 0 | N16: =IF(N7="","",N7*$D7/$D$11) -> 0 | ... X16: =IF(X7="","",X7*$D7/$D$11)
B17: ROCA FOSFORICA - CALDEA | C17: 150 | D17: 13 | E17: =IF(E8="","",E8*$D8/$D$11) | F17: =IF(F8="","",SUM(G17:J17)) | G17: =IF(G8="","",G8*$D8/$D$11) | H17: =IF(H8="","",H8*$D8/$D$11) | I17: =IF(I8="","",I8*$D8/$D$11) | J17: =IF(J8="","",J8*$D8/$D$11) | K17: =IF(K8="","",K8*$D8/$D$11) -> 0.0336 | L17: =IF(L8="","",L8*$D8/$D$11) | M17: =IF(M8="","",M8*$D8/$D$11) -> 0.042 | N17: =IF(N8="","",N8*$D8/$D$11) | ... X17: =IF(X8="","",X8*$D8/$D$11)
B18: SILICATO MAGNESIO - DISTRIMEZCLAS | C18: 450 | D18: =C18/10 -> 45 | E18: =IF(E9="","",E9*$D9/$D$11) | F18: =IF(F9="","",SUM(G18:J18)) | G18: =IF(G9="","",G9*$D9/$D$11) | H18: =IF(H9="","",H9*$D9/$D$11) | I18: =IF(I9="","",I9*$D9/$D$11) | J18: =IF(J9="","",J9*$D9/$D$11) | K18: =IF(K9="","",K9*$D9/$D$11) | L18: =IF(L9="","",L9*$D9/$D$11) | M18: =IF(M9="","",M9*$D9/$D$11) | N18: =IF(N9="","",N9*$D9/$D$11) -> 0.17468 | ... X18: =IF(X9="","",X9*$D9/$D$11)
B19: SULFATO CALCIO - SANTA ROSA | C19: 200 | D19: =C19/10 -> 20 | E19: =IF(E10="","",E10*$D10/$D$11) | F19: =IF(F10="","",SUM(G19:J19)) | G19: =IF(G10="","",G10*$D10/$D$11) | H19: =IF(H10="","",H10*$D10/$D$11) | I19: =IF(I10="","",I10*$D10/$D$11) | J19: =IF(J10="","",J10*$D10/$D$11) | K19: =IF(K10="","",K10*$D10/$D$11) | L19: =IF(L10="","",L10*$D10/$D$11) | M19: =IF(M10="","",M10*$D10/$D$11) -> 0.0936 | N19: =IF(N10="","",N10*$D10/$D$11) | ... X19: =IF(X10="","",X10*$D10/$D$11)
B20: SUMA | C20: =SUM(C15:C19) -> 1000 | D20: 100
B21: GRADO | E21: =SUM(E15:E19) -> 0 | F21: =SUM(F15:F19) -> 0 | G21: =SUM(G15:G19) -> 0 | H21: =SUM(H15:H19) -> 0 | I21: =SUM(I15:I19) -> 0 | J21: =SUM(J15:J19) -> 0 | K21: =SUM(K15:K19) -> 0.0336 | L21: =SUM(L15:L19) -> 0 | ... X21: =SUM(X15:X19) -> 0
K22: 0.034 | M22: 0.18 | N22: 0.1787 | O22: 0.055 | V22: 0.1745
B23: CERTIFICADO DE ANALISIS
B36: CONTENIDOS MINIMOS*1
B37: NPK (Formula sola o en mezcla con micronutrientes) | F37: =IF(F21=0,"",IF(F21<minimos!B2,"SI","NO")) | K37: =IF(K21=0,"",IF(K21<minimos!C2,"NO","SI")) -> SI | L37: =IF(L21=0,"",IF(L21<minimos!D2,"SI","NO"))
B38: Secundarios (Formula UNICAMENTE con Ca, Mg, S) | M38: NA | N38: NA | O38: NA
B39: Micronutrientes: Unicamente micronutrientes
B40: Micronutrientes: Mezcla con NPK o secundarios | M40: =IF(M21=0,"",IF(M21>minimos!E5,"SI","NO")) -> NO | N40: =IF(N21=0,"",IF(N21>minimos!F5,"SI","NO")) -> NO | O40: =IF(O21=0,"",IF(O21>minimos!G5,"SI","NO")) -> NO | P40: =IF(P21=0,"",IF(P21>minimos!H5,"SI","NO")) | Q40: =IF(Q21=0,"",IF(Q21>minimos!I5,"SI","NO")) | R40: =IF(R21=0,"",IF(R21>minimos!J5,"SI","NO")) | S40: =IF(S21=0,"",IF(S21>minimos!K5,"SI","NO")) | T40: =IF(T21=0,"",IF(T21>minimos!L5,"SI","NO")) | ... V40: =IF(V21=0,"",IF(V21>minimos!N5,"SI","NO")) -> SI | W40: =IF(W21=0,"",IF(W21>minimos!P5,"SI","NO"))
B41: *1 Resolución ICA 150 de 2003 ANEXO 11
B43: TOLERANCIAS*2
B44: Calculo | F44: =IF(F21=0,"",((-0.0005*100*100*F$21*F$21+0.0413*100*F$21+0.6533)/100)) | K44: =IF(K21=0,"",((-0.0005*100*100*K$21*K$21+0.0413*100*K$21+0.6533)/100)) -> 0.007864232 | L44: =IF(L21=0,"",((-0.0007*10000*L$21*L$21+0.0769*100*L$21+0.3941)/100))
B45: NPK ¿El contenido está fuera de rango [4%-32%]?*3 | F45: =IF(F21=0,"",IF(OR(F21<4.001%,F21>32.001%),"SI","NO")) | K45: =IF(K21=0,"",IF(OR(K21<4.001%,K21>32.001%),"SI","NO")) -> SI | L45: =IF(L21=0,"",IF(OR(L21<4.001%,L21>32.001%),"SI","NO")) | M45: =IF(M21=0,"",((0.42+0.105*100*M$21)/100)) -> 0.02121 | N45: =IF(N21=0,"",((0.5+0.125*100*N$21)/100)) -> 0.026835 | O45: =IF(O21=0,"",((0.3+0.075*100*O$21)/100)) -> 0.007035 | P45: =IF(P21=0,"",((0.005+0.25*100*P$21)/100)) | Q45: =IF(Q21=0,"",((0.000125+0.375*100*Q$21)/100)) | R45: =IF(R21=0,"",((0.015+0.3*100*R$21)/100)) | S45: =IF(S21=0,"",((0.015+0.3*100*S$21)/100)) | T45: =IF(T21=0,"",((0.015+0.3*100*T$21)/100)) | U45: =IF(U21=0,"",((0.000125+0.375*100*U$21)/100)) | W45: =IF(W21=0,"",((0.015+0.3*100*W$21)/100)) | X45: =IF(X21=0,"",((0.015+0.3*100*X$21)/100))
B46: Secundarios y menores ¿La tolerancia supera el 50% o 1.5pp?*4 | M46: =IF(M21=0,"",IF(OR(M45>M21/2,M45>1.501%),"SI","NO")) -> SI | N46: =IF(N21=0,"",IF(OR(N45>N21/2,N45>1.501%),"SI","NO")) -> SI | O46: =IF(O21=0,"",IF(OR(O45>O21/2,O45>1.501%),"SI","NO")) -> NO | P46: =IF(P21=0,"",IF(OR(P45>P21/2,P45>1.501%),"SI","NO")) | Q46: =IF(Q21=0,"",IF(OR(Q45>Q21/2,Q45>1.501%),"SI","NO")) | R46: =IF(R21=0,"",IF(OR(R45>R21/2,R45>1.501%),"SI","NO")) | S46: =IF(S21=0,"",IF(OR(S45>S21/2,S45>1.501%),"SI","NO")) | T46: =IF(T21=0,"",IF(OR(T45>T21/2,T45>1.501%),"SI","NO")) | U46: =IF(U21=0,"",IF(OR(U45>U21/2,U45>1.501%),"SI","NO")) | V46: =IF(V5="SiO2","",IF(V21=0,"",IF(OR(V45>V21/2,V45>1.501%),"SI","NO"))) | W46: =IF(W21=0,"",IF(OR(W45>W21/2,W45>1.501%),"SI","NO")) | X46: =IF(X21=0,"",IF(OR(X45>X21/2,X45>1.501%),"SI","NO"))
B47: Tolerancia permitida | F47: =IF(F21=0,"",IF(F45="NO",F44,IF(F21<4%,0.81%,1.46%))) | K47: =IF(K21=0,"",IF(K45="NO",K44,IF(K21<4%,0.81%,1.46%))) -> 0.0081 | L47: =IF(L21=0,"",IF(L45="NO",L44,IF(L21<4%,0.69%,2.14%))) | M47: =IF(M21=0,"",IF(M45="NO",M44,1.5%)) -> 0.015 | N47: =IF(N21=0,"",IF(N45="NO",N44,1.5%)) -> 0.015 | O47: =IF(O21=0,"",IF(O45="NO",O44,1.5%)) -> 0.015 | P47: =IF(P21=0,"",IF(P45="NO",P44,1.5%)) | Q47: =IF(Q21=0,"",IF(Q45="NO",Q44,1.5%)) | R47: =IF(R21=0,"",IF(R45="NO",R44,1.5%)) | S47: =IF(S21=0,"",IF(S45="NO",S44,1.5%)) | T47: =IF(T21=0,"",IF(T45="NO",T44,1.5%)) | U47: =IF(U21=0,"",IF(U45="NO",U44,1.5%)) | V47: =IF(V5="SiO2","",IF(V21=0,"",IF(V45="NO",V44,1.5%))) | W47: =IF(W21=0,"",IF(W45="NO",W44,1.5%)) | X47: =IF(X21=0,"",IF(X45="NO",X44,1.5%))
B48: *2 NTC 1061:2020 ALCANCE: no aplica para organicos
B49: *3 NTC 1061:2020 4.1
B50: *4 NTC 1061:2020 4.2.1 - 4.2.2 | G50: {=indic} -> #NAME?
B52: Tolerancia Mínima NTC | E52: =IF(E5="C","",IF(E21=0,"",E53-E47)) | F52: =IF(F21=0,"",F53-F47) | G52: =IF(G21=0,"",G53-G47) | H52: =IF(H21=0,"",H53-H47) | I52: =IF(I21=0,"",I53-I47) | J52: =IF(J21=0,"",J53-J47) | K52: =IF(K21=0,"",K53-K47) -> 0.0255 | L52: =IF(L21=0,"",L53-L47) | M52: =IF(M21=0,"",M53-M47) -> 0.147 | ... U52: =IF(U21=0,"",U53-U47) | V52: =IF(V5="SiO2","",IF(V21=0,"",V53-V47)) | W52: =IF(W21=0,"",W53-W47) | X52: =IF(X21=0,"",X53-X47)
B53: =_xlfn.CONCAT("SOLICITUD DE REGISTRO ICA: ",B5) -> SOLICITUD DE REGISTRO ICA: MATERIA PRIMA | E53: =IF(E21=0,"",E21) | F53: =IF(F21=0,"",F21) | G53: =IF(G21=0,"",G21) | H53: =IF(H21=0,"",H21) | I53: =IF(I21=0,"",I21) | J53: =IF(J21=0,"",J21) | K53: =IF(K21=0,"",K21) -> 0.0336 | L53: =IF(L21=0,"",L21) | ... X53: =IF(X21=0,"",X21)
B54: Tolerancia Máxima NTC | E54: =IF(E5="C","",IF(E21=0,"",E53+E47)) | F54: =IF(F21=0,"",F53+F47) | G54: =IF(G21=0,"",G53+G47) | H54: =IF(H21=0,"",H53+H47) | I54: =IF(I21=0,"",I53+I47) | J54: =IF(J21=0,"",J53+J47) | K54: =IF(K21=0,"",K53+K47) -> 0.0417 | L54: =IF(L21=0,"",L53+L47) | M54: =IF(M21=0,"",M53+M47) -> 0.177 | ... U54: =IF(U21=0,"",U53+U47) | V54: =IF(V5="SiO2","",IF(V21=0,"",V53+V47)) | W54: =IF(W21=0,"",W53+W47) | X54: =IF(X21=0,"",X53+X47)

Sheet entrada
B5: MATERIA PRIMA | C5: kg / Ton | D5: %/100 kg | E5: C | F5: N | G5: N-NH4 | H5: N-NO3 | I5: N-org | J5: N-ur | K5: P | L5: K | M5: CaO | N5: MgO | O5: S | P5: B | Q5: Co | R5: Cu | S5: Fe | T5: Mn | U5: Mo | V5: SiO2 | W5: Zn | X5: Na
B6: UREA_NUTRICION PLANTAS_G | C6: 200 | D6: =Tabla1[[#This Row],[kg / Ton]]/10 -> 20 | F6: 0.46 | J6: 0.46
B7: MAP_PRECISAGRO_G | C7: 100 | D7: =Tabla1[[#This Row],[kg / Ton]]/10 -> 10 | F7: 0.1 | G7: 0.1 | K7: 0.5
B8: NUCLEO 4_CALFERQUIM_G | C8: 100 | D8: =Tabla1[[#This Row],[kg / Ton]]/10 -> 10 | M8: 0.18 | N8: 0.18 | O8: 0.04 | V8: 0.14
B9: KCL_NUTRICION PLANTAS_G | C9: 450 | D9: =Tabla1[[#This Row],[kg / Ton]]/10 -> 45 | L9: 0.6
B10: SAM_PRECISAGRO_G | C10: 150 | D10: =Tabla1[[#This Row],[kg / Ton]]/10 -> 15 | F10: 0.21 | G10: 0.21 | O10: 0.24
B11: SUMA | C11: =SUM(C6:C10) -> 1000 | D11: 100
B12: TOTAL
B14: MATERIA PRIMA | C14: kg / Ton | D14: %/100 kg | E14: Carbono organico total oxidable C | F14: Nitrogeno Total N | G14: Nitrogeno amoniacal | H14: Nitrogeno nitrico | I14: Nitrogeno organico | J14: Nitrogeno ureico | K14: Fosforo asimilable P2O5 | L14: Potasio soluble K2O | M14: Calcio CaO | N14: Magnesio MgO | O14: Azufre S | P14: Boro B | Q14: Cobalto Co | R14: Cobre Cu | S14: Hierro Fe | T14: Manganeso Mn | U14: Molibdeno Mo | V14: Silicio SiO2 | W14: Zinc Zn | X14: Sodio Na
B15: UREA_NUTRICION PLANTAS_G | C15: =C6 -> 200 | D15: =D6 -> 20 | E15: =IF(E6="","",E6*$D6/$D$11) | F15: =IF(F6="","",SUM(G15:J15)) -> 0.092 | G15: =IF(G6="","",G6*$D6/$D$11) | H15: =IF(H6="","",H6*$D6/$D$11) | I15: =IF(I6="","",I6*$D6/$D$11) | J15: =IF(J6="","",J6*$D6/$D$11) -> 0.092 | K15: =IF(K6="","",K6*$D6/$D$11) | L15: =IF(L6="","",L6*$D6/$D$11) | M15: =IF(M6="","",M6*$D6/$D$11) | N15: =IF(N6="","",N6*$D6/$D$11) | ... X15: =IF(X6="","",X6*$D6/$D$11)
B16: MAP_PRECISAGRO_G | C16: =C7 -> 100 | D16: =D7 -> 10 | E16: =IF(E7="","",E7*$D7/$D$11) | F16: =IF(F7="","",SUM(G16:J16)) -> 0.01 | G16: =IF(G7="","",G7*$D7/$D$11) -> 0.01 | H16: =IF(H7="","",H7*$D7/$D$11) | I16: =IF(I7="","",I7*$D7/$D$11) | J16: =IF(J7="","",J7*$D7/$D$11) | K16: =IF(K7="","",K7*$D7/$D$11) -> 0.05 | L16: =IF(L7="","",L7*$D7/$D$11) | M16: =IF(M7="","",M7*$D7/$D$11) | N16: =IF(N7="","",N7*$D7/$D$11) | ... X16: =IF(X7="","",X7*$D7/$D$11)
B17: NUCLEO 4_CALFERQUIM_G | C17: =C8 -> 100 | D17: =D8 -> 10 | E17: =IF(E8="","",E8*$D8/$D$11) | F17: =IF(F8="","",SUM(G17:J17)) | G17: =IF(G8="","",G8*$D8/$D$11) | H17: =IF(H8="","",H8*$D8/$D$11) | I17: =IF(I8="","",I8*$D8/$D$11) | J17: =IF(J8="","",J8*$D8/$D$11) | K17: =IF(K8="","",K8*$D8/$D$11) | L17: =IF(L8="","",L8*$D8/$D$11) | M17: =IF(M8="","",M8*$D8/$D$11) -> 0.018 | N17: =IF(N8="","",N8*$D8/$D$11) -> 0.018 | ... X17: =IF(X8="","",X8*$D8/$D$11)
B18: KCL_NUTRICION PLANTAS_G | C18: =C9 -> 450 | D18: =D9 -> 45 | E18: =IF(E9="","",E9*$D9/$D$11) | F18: =IF(F9="","",SUM(G18:J18)) | G18: =IF(G9="","",G9*$D9/$D$11) | H18: =IF(H9="","",H9*$D9/$D$11) | I18: =IF(I9="","",I9*$D9/$D$11) | J18: =IF(J9="","",J9*$D9/$D$11) | K18: =IF(K9="","",K9*$D9/$D$11) | L18: =IF(L9="","",L9*$D9/$D$11) -> 0.27 | M18: =IF(M9="","",M9*$D9/$D$11) | N18: =IF(N9="","",N9*$D9/$D$11) | ... X18: =IF(X9="","",X9*$D9/$D$11)
B19: SAM_PRECISAGRO_G | C19: =C10 -> 150 | D19: =D10 -> 15 | E19: =IF(E10="","",E10*$D10/$D$11) | F19: =IF(F10="","",SUM(G19:J19)) -> 0.0315 | G19: =IF(G10="","",G10*$D10/$D$11) -> 0.0315 | H19: =IF(H10="","",H10*$D10/$D$11) | I19: =IF(I10="","",I10*$D10/$D$11) | J19: =IF(J10="","",J10*$D10/$D$11) | K19: =IF(K10="","",K10*$D10/$D$11) | L19: =IF(L10="","",L10*$D10/$D$11) | M19: =IF(M10="","",M10*$D10/$D$11) | N19: =IF(N10="","",N10*$D10/$D$11) | ... X19: =IF(X10="","",X10*$D10/$D$11)
B20: SUMA | C20: =SUM(C15:C19) -> 1000 | D20: 100
B21: GRADO | E21: =SUM(E15:E19) -> 0 | F21: =SUM(F15:F19) -> 0.1335 | G21: =SUM(G15:G19) -> 0.0415 | H21: =SUM(H15:H19) -> 0 | I21: =SUM(I15:I19) -> 0 | J21: =SUM(J15:J19) -> 0.092 | K21: =SUM(K15:K19) -> 0.05 | L21: =SUM(L15:L19) -> 0.27 | P21: =SUM(P15:P19) -> 0 | Q21: =SUM(Q15:Q19) -> 0 | R21: =SUM(R15:R19) -> 0 | S21: =SUM(S15:S19) -> 0 | T21: =SUM(T15:T19) -> 0 | U21: =SUM(U15:U19) -> 0 | W21: =SUM(W15:W19) -> 0 | X21: =SUM(X15:X19) -> 0
B23: CERTIFICADO DE ANALISIS | F23: 0.1339 | G23: 0.0458 | H23: =SUM(H17:H21) -> 0 | I23: =SUM(I17:I21) -> 0 | J23: 0.0881 | K23: 0.0526 | L23: 0.2752 | P23: =SUM(P17:P21) -> 0 | Q23: =SUM(Q17:Q21) -> 0 | R23: =SUM(R17:R21) -> 0 | S23: =SUM(S17:S21) -> 0 | T23: =SUM(T17:T21) -> 0 | U23: =SUM(U17:U21) -> 0 | W23: =SUM(W17:W21) -> 0 | X23: =SUM(X17:X21) -> 0
B25: CONTENIDOS MINIMOS*1
B26: 1) NPK (Formula sola o en mezcla con micronutrientes) | F26: =IF(F21=0,"",IF(F21<minimos!B2,"SI","NO")) -> NO | K26: =IF(K21=0,"",IF(K21<minimos!C2,"NO","SI")) -> SI | L26: =IF(L21=0,"",IF(L21<minimos!D2,"SI","NO")) -> NO
B27: 2) Secundarios (Formula UNICAMENTE con Ca, Mg, S) | M27: NA | N27: NA | O27: NA
B28: 3) Micronutrientes: Unicamente micronutrientes
B29: 4) Micronutrientes: Mezcla con NPK o secundarios | M29: =IF(M21=0,"",IF(M21>minimos!E5,"SI","NO")) | N29: =IF(N21=0,"",IF(N21>minimos!F5,"SI","NO")) | O29: =IF(O21=0,"",IF(O21>minimos!G5,"SI","NO")) | P29: =IF(P21=0,"",IF(P21>minimos!H5,"SI","NO")) | Q29: =IF(Q21=0,"",IF(Q21>minimos!I5,"SI","NO")) | R29: =IF(R21=0,"",IF(R21>minimos!J5,"SI","NO")) | S29: =IF(S21=0,"",IF(S21>minimos!K5,"SI","NO")) | T29: =IF(T21=0,"",IF(T21>minimos!L5,"SI","NO")) | ... V29: =IF(V21=0,"",IF(V21>minimos!N5,"SI","NO")) | W29: =IF(W21=0,"",IF(W21>minimos!P5,"SI","NO"))
B30: *1 Resolución ICA 150 de 2003 ANEXO 11
B32: TOLERANCIAS*2
B33: Calculo | F33: =IF(F21=0,"",((-0.0005*100*100*F$21*F$21+0.0413*100*F$21+0.6533)/100)) -> 0.011155438 | K33: =IF(K21=0,"",((-0.0005*100*100*K$21*K$21+0.0413*100*K$21+0.6533)/100)) -> 0.008473 | L33: =IF(L21=0,"",((-0.0007*10000*L$21*L$21+0.0769*100*L$21+0.3941)/100)) -> 0.019601
B34: 1) NPK ¿El contenido está fuera de rango [4%-32%]?*3 | F34: =IF(F21=0,"",IF(OR(F21<4.001%,F21>32.001%),"SI","NO")) -> NO | K34: =IF(K21=0,"",IF(OR(K21<4.001%,K21>32.001%),"SI","NO")) -> NO | L34: =IF(L21=0,"",IF(OR(L21<4.001%,L21>32.001%),"SI","NO")) -> NO | M34: =IF(M21=0,"",((0.42+0.105*100*M$21)/100)) | N34: =IF(N21=0,"",((0.5+0.125*100*N$21)/100)) | O34: =IF(O21=0,"",((0.3+0.075*100*O$21)/100)) | P34: =IF(P21=0,"",((0.005+0.25*100*P$21)/100)) | Q34: =IF(Q21=0,"",((0.000125+0.375*100*Q$21)/100)) | R34: =IF(R21=0,"",((0.015+0.3*100*R$21)/100)) | S34: =IF(S21=0,"",((0.015+0.3*100*S$21)/100)) | T34: =IF(T21=0,"",((0.015+0.3*100*T$21)/100)) | U34: =IF(U21=0,"",((0.000125+0.375*100*U$21)/100)) | W34: =IF(W21=0,"",((0.015+0.3*100*W$21)/100)) | X34: =IF(X21=0,"",((0.015+0.3*100*X$21)/100))
B35: 2) Secundarios y menores ¿La tolerancia supera el 50% o 1.5pp?*4 | M35: =IF(M21=0,"",IF((M34>1.501%),"SI","NO")) | N35: =IF(N21=0,"",IF(OR(N34>N21/2,N34>1.501%),"SI","NO")) | O35: =IF(O21=0,"",IF(OR(O34>O21/2,O34>1.501%),"SI","NO")) | P35: =IF(P21=0,"",IF(OR(P34>P21/2,P34>1.501%),"SI","NO")) | Q35: =IF(Q21=0,"",IF(OR(Q34>Q21/2,Q34>1.501%),"SI","NO")) | R35: =IF(R21=0,"",IF(OR(R34>R21/2,R34>1.501%),"SI","NO")) | S35: =IF(S21=0,"",IF(OR(S34>S21/2,S34>1.501%),"SI","NO")) | T35: =IF(T21=0,"",IF(OR(T34>T21/2,T34>1.501%),"SI","NO")) | U35: =IF(U21=0,"",IF(OR(U34>U21/2,U34>1.501%),"SI","NO")) | V35: =IF(V5="SiO2","",IF(V21=0,"",IF(OR(V34>V21/2,V34>1.501%),"SI","NO"))) | W35: =IF(W21=0,"",IF(OR(W34>W21/2,W34>1.501%),"SI","NO")) | X35: =IF(X21=0,"",IF(OR(X34>X21/2,X34>1.501%),"SI","NO"))
B36: Tolerancia permitida | F36: =IF(F21=0,"",IF(F34="NO",F33,IF(F21<4%,0.81%,1.46%))) -> 0.011155438 | K36: =IF(K21=0,"",IF(K34="NO",K33,IF(K21<4%,0.81%,1.46%))) -> 0.008473 | L36: =IF(L21=0,"",IF(L34="NO",L33,IF(L21<4%,0.69%,2.14%))) -> 0.019601 | M36: =IF(M21=0,"",IF(M35="NO",M34,1.5%)) | N36: =IF(N21=0,"",IF(N35="NO",N34,1.5%)) | O36: =IF(O21=0,"",IF(O35="NO",O34,1.5%)) | P36: =IF(P21=0,"",IF(P34="NO",P33,1.5%)) | Q36: =IF(Q21=0,"",IF(Q34="NO",Q33,1.5%)) | R36: =IF(R21=0,"",IF(R34="NO",R33,1.5%)) | S36: =IF(S21=0,"",IF(S34="NO",S33,1.5%)) | T36: =IF(T21=0,"",IF(T34="NO",T33,1.5%)) | U36: =IF(U21=0,"",IF(U34="NO",U33,1.5%)) | V36: =IF(V5="SiO2","",IF(V21=0,"",IF(V34="NO",V33,1.5%))) | W36: =IF(W21=0,"",IF(W34="NO",W33,1.5%)) | X36: =IF(X21=0,"",IF(X34="NO",X33,1.5%))
B37: *2 NTC 1061:2020 ALCANCE: no aplica para organicos
B38: *3 NTC 1061:2020 4.1
B39: *4 NTC 1061:2020 4.2.1 - 4.2.2
B41: Tolerancia Mínima NTC | E41: =IF(E5="C","",IF(E21=0,"",E42-E36)) | F41: =IF(F21=0,"",F42-F36) -> 0.11884456 | G41: =IF(G21=0,"",G42-G36) -> 0.0415 | H41: =IF(H21=0,"",H42-H36) | I41: =IF(I21=0,"",I42-I36) | J41: =IF(J21=0,"",J42-J36) -> 0.092 | K41: =IF(K21=0,"",K42-K36) -> 0.041527 | L41: =IF(L21=0,"",L42-L36) -> 0.250399 | M41: =IF(M21=0,"",M42-M36) | ... U41: =IF(U21=0,"",U42-U36) | V41: =IF(V5="SiO2","",IF(V21=0,"",V42-V36)) | W41: =IF(W21=0,"",W42-W36) | X41: =IF(X21=0,"",X42-X36)
B42: =_xlfn.CONCAT("SOLICITUD DE REGISTRO ICA: ",B5) -> SOLICITUD DE REGISTRO ICA: MATERIA PRIMA | E42: =IF(E21=0,"",E21) | F42: 0.13 | G42: =IF(G21=0,"",G21) -> 0.0415 | H42: =IF(H21=0,"",H21) | I42: =IF(I21=0,"",I21) | J42: =IF(J21=0,"",J21) -> 0.092 | K42: 0.05 | L42: 0.27 | M42: =IF(M21=0,"",M21) | N42: =IF(N21=0,"",N21) | O42: =IF(O21=0,"",O21) | P42: =IF(P21=0,"",P21) | Q42: =IF(Q21=0,"",Q21) | R42: =IF(R21=0,"",R21) | S42: =IF(S21=0,"",S21) | T42: =IF(T21=0,"",T21) | ... X42: =IF(X21=0,"",X21)
B43: Tolerancia Máxima NTC | E43: =IF(E5="C","",IF(E21=0,"",E42+E36)) | F43: =IF(F21=0,"",F42+F36) -> 0.14115544 | G43: =IF(G21=0,"",G42+G36) -> 0.0415 | H43: =IF(H21=0,"",H42+H36) | I43: =IF(I21=0,"",I42+I36) | J43: =IF(J21=0,"",J42+J36) -> 0.092 | K43: =IF(K21=0,"",K42+K36) -> 0.058473 | L43: =IF(L21=0,"",L42+L36) -> 0.289601 | M43: =IF(M21=0,"",M42+M36) | ... U43: =IF(U21=0,"",U42+U36) | V43: =IF(V5="SiO2","",IF(V21=0,"",V42+V36)) | W43: =IF(W21=0,"",W42+W36) | X43: =IF(X21=0,"",X42+X36)

Sheet balance materias primas
C2: BALANCE DE MATERIAS PRIMAS
B5: FORMULACION: | C5: CALFERQUIM * 13-5-27
B7: =IF(OR(entrada!B14=0,entrada!B14=""),"",entrada!B14) -> MATERIA PRIMA | C7: =IF(OR(entrada!C14=0,entrada!C14=""),"",entrada!C14) -> kg / Ton | D7: =IF(OR(entrada!D14=0,entrada!D14=""),"",entrada!D14) -> %/100 kg | E7: =IF(OR(entrada!F14=0,entrada!F14=""),"",entrada!F14) -> Nitrogeno Total N | F7: =IF(OR(entrada!G14=0,entrada!G14=""),"",entrada!G14) -> Nitrogeno amoniacal | G7: =IF(OR(entrada!J14=0,entrada!J14=""),"",entrada!J14) -> Nitrogeno ureico | H7: =IF(OR(entrada!K14=0,entrada!K14=""),"",entrada!K14) -> Fosforo asimilable P2O5 | I7: =IF(OR(entrada!L14=0,entrada!L14=""),"",entrada!L14) -> Potasio soluble K2O
B8: =IF(OR(entrada!B15=0,entrada!B15=""),"",entrada!B15) -> UREA_NUTRICION PLANTAS_G | C8: =IF(OR(entrada!C15=0,entrada!C15=""),"",entrada!C15) -> 200 | D8: =IF(OR(entrada!D15=0,entrada!D15=""),"",entrada!D15) -> 20 | E8: =IF(OR(entrada!F15=0,entrada!F15=""),"",entrada!F15) -> 0.092 | F8: =IF(OR(entrada!G15=0,entrada!G15=""),"",entrada!G15) | G8: =IF(OR(entrada!J15=0,entrada!J15=""),"",entrada!J15) -> 0.092 | H8: =IF(OR(entrada!K15=0,entrada!K15=""),"",entrada!K15) | I8: =IF(OR(entrada!L15=0,entrada!L15=""),"",entrada!L15)
B9: =IF(OR(entrada!B16=0,entrada!B16=""),"",entrada!B16) -> MAP_PRECISAGRO_G | C9: =IF(OR(entrada!C16=0,entrada!C16=""),"",entrada!C16) -> 100 | D9: =IF(OR(entrada!D16=0,entrada!D16=""),"",entrada!D16) -> 10 | E9: =IF(OR(entrada!F16=0,entrada!F16=""),"",entrada!F16) -> 0.01 | F9: =IF(OR(entrada!G16=0,entrada!G16=""),"",entrada!G16) -> 0.01 | G9: =IF(OR(entrada!J16=0,entrada!J16=""),"",entrada!J16) | H9: =IF(OR(entrada!K16=0,entrada!K16=""),"",entrada!K16) -> 0.05 | I9: =IF(OR(entrada!L16=0,entrada!L16=""),"",entrada!L16)
B10: =IF(OR(entrada!B17=0,entrada!B17=""),"",entrada!B17) -> NUCLEO 4_CALFERQUIM_G | C10: =IF(OR(entrada!C17=0,entrada!C17=""),"",entrada!C17) -> 100 | D10: =IF(OR(entrada!D17=0,entrada!D17=""),"",entrada!D17) -> 10 | E10: =IF(OR(entrada!F17=0,entrada!F17=""),"",entrada!F17) | F10: =IF(OR(entrada!G17=0,entrada!G17=""),"",entrada!G17) | G10: =IF(OR(entrada!J17=0,entrada!J17=""),"",entrada!J17) | H10: =IF(OR(entrada!K17=0,entrada!K17=""),"",entrada!K17) | I10: =IF(OR(entrada!L17=0,entrada!L17=""),"",entrada!L17)
B11: =IF(OR(entrada!B18=0,entrada!B18=""),"",entrada!B18) -> KCL_NUTRICION PLANTAS_G | C11: =IF(OR(entrada!C18=0,entrada!C18=""),"",entrada!C18) -> 450 | D11: =IF(OR(entrada!D18=0,entrada!D18=""),"",entrada!D18) -> 45 | E11: =IF(OR(entrada!F18=0,entrada!F18=""),"",entrada!F18) | F11: =IF(OR(entrada!G18=0,entrada!G18=""),"",entrada!G18) | G11: =IF(OR(entrada!J18=0,entrada!J18=""),"",entrada!J18) | H11: =IF(OR(entrada!K18=0,entrada!K18=""),"",entrada!K18) | I11: =IF(OR(entrada!L18=0,entrada!L18=""),"",entrada!L18) -> 0.27
B12: =IF(OR(entrada!B19=0,entrada!B19=""),"",entrada!B19) -> SAM_PRECISAGRO_G | C12: =IF(OR(entrada!C19=0,entrada!C19=""),"",entrada!C19) -> 150 | D12: =IF(OR(entrada!D19=0,entrada!D19=""),"",entrada!D19) -> 15 | E12: =IF(OR(entrada!F19=0,entrada!F19=""),"",entrada!F19) -> 0.0315 | F12: =IF(OR(entrada!G19=0,entrada!G19=""),"",entrada!G19) -> 0.0315 | G12: =IF(OR(entrada!J19=0,entrada!J19=""),"",entrada!J19) | H12: =IF(OR(entrada!K19=0,entrada!K19=""),"",entrada!K19) | I12: =IF(OR(entrada!L19=0,entrada!L19=""),"",entrada!L19)
B13: ADITIVOS
B16: =IF(OR(entrada!B21=0,entrada!B21=""),"",entrada!B21) -> GRADO | C16: =IF(OR(entrada!C20=0,entrada!C20=""),"",entrada!C20) -> 1000 | D16: =IF(OR(entrada!D20=0,entrada!D20=""),"",entrada!D20) -> 100 | E16: =IF(OR(entrada!F21=0,entrada!F21=""),"",entrada!F21) -> 0.1335 | F16: =IF(OR(entrada!G21=0,entrada!G21=""),"",entrada!G21) -> 0.0415 | G16: =IF(OR(entrada!J21=0,entrada!J21=""),"",entrada!J21) -> 0.092 | H16: =IF(OR(entrada!K21=0,entrada!K21=""),"",entrada!K21) -> 0.05 | I16: =IF(OR(entrada!L21=0,entrada!L21=""),"",entrada!L21) -> 0.27
B17: =IF(OR(entrada!B22=0,entrada!B22=""),"",entrada!B22) | C17: =IF(OR(entrada!C22=0,entrada!C22=""),"",entrada!C22) | D17: =IF(OR(entrada!D22=0,entrada!D22=""),"",entrada!D22)
B18: =IF(OR(entrada!B23=0,entrada!B23=""),"",entrada!B23) -> CERTIFICADO DE ANALISIS | C18: =IF(OR(entrada!C23=0,entrada!C23=""),"",entrada!C23) | D18: =IF(OR(entrada!D23=0,entrada!D23=""),"",entrada!D23) | E18: =entrada!F23 -> 0.1339 | F18: =entrada!G23 -> 0.0458 | G18: =entrada!J23 -> 0.0881 | H18: =entrada!K23 -> 0.0526 | I18: =entrada!L23 -> 0.2752
B19: =IF(OR(entrada!B24=0,entrada!B24=""),"",entrada!B24) | C19: =IF(OR(entrada!C24=0,entrada!C24=""),"",entrada!C24) | D19: =IF(OR(entrada!D24=0,entrada!D24=""),"",entrada!D24) | H19: =IF(OR(entrada!K24=0,entrada!K24=""),"",entrada!K24)
B20: =IF(OR(entrada!B25=0,entrada!B25=""),"",entrada!B25) -> CONTENIDOS MINIMOS*1 | H20: =IF(OR(entrada!K25=0,entrada!K25=""),"",entrada!K25)
B21: 1) NPK (Formula sola o en mezcla con micronutrientes) | E21: 0.03 | H21: 0.03 | I21: 0.03
B22: CUMPLE | C22: =IF(OR(entrada!C29=0,entrada!C29=""),"",entrada!C29) | D22: =IF(OR(entrada!D29=0,entrada!D29=""),"",entrada!D29) | E22: SI | H22: SI | I22: SI
B23: =IF(OR(entrada!B30=0,entrada!B30=""),"",entrada!B30) -> *1 Resolución ICA 150 de 2003 ANEXO 11 | C23: =IF(OR(entrada!C30=0,entrada!C30=""),"",entrada!C30) | D23: =IF(OR(entrada!D30=0,entrada!D30=""),"",entrada!D30) | H23: =IF(OR(entrada!K30=0,entrada!K30=""),"",entrada!K30)
B24: =IF(OR(entrada!B31=0,entrada!B31=""),"",entrada!B31) | C24: =IF(OR(entrada!C31=0,entrada!C31=""),"",entrada!C31) | D24: =IF(OR(entrada!D31=0,entrada!D31=""),"",entrada!D31) | H24: =IF(OR(entrada!K31=0,entrada!K31=""),"",entrada!K31)
B25: =IF(OR(entrada!B32=0,entrada!B32=""),"",entrada!B32) -> TOLERANCIAS*2 | C25: =IF(OR(entrada!C32=0,entrada!C32=""),"",entrada!C32) | D25: =IF(OR(entrada!D32=0,entrada!D32=""),"",entrada!D32) | H25: =IF(OR(entrada!K32=0,entrada!K32=""),"",entrada!K32)
B26: =IF(OR(entrada!B33=0,entrada!B33=""),"",entrada!B33) -> Calculo | C26: =IF(OR(entrada!C33=0,entrada!C33=""),"",entrada!C33) | D26: =IF(OR(entrada!D33=0,entrada!D33=""),"",entrada!D33) | E26: =entrada!F33 -> 0.011155438 | H26: =entrada!K33 -> 0.008473 | I26: =entrada!L33 -> 0.019601
B27: =IF(OR(entrada!B34=0,entrada!B34=""),"",entrada!B34) -> 1) NPK ¿El contenido está fuera de rango [4%-32%]?*3 | C27: =IF(OR(entrada!C34=0,entrada!C34=""),"",entrada!C34) | D27: =IF(OR(entrada!D34=0,entrada!D34=""),"",entrada!D34) | E27: =entrada!F34 -> NO | H27: =entrada!K34 -> NO | I27: =entrada!L34 -> NO
B28: =IF(OR(entrada!B36=0,entrada!B36=""),"",entrada!B36) -> Tolerancia permitida | C28: =IF(OR(entrada!C36=0,entrada!C36=""),"",entrada!C36) | D28: =IF(OR(entrada!D36=0,entrada!D36=""),"",entrada!D36) | E28: =E26 -> 0.011155438 | H28: =H26 -> 0.008473 | I28: =I26 -> 0.019601
B29: =IF(OR(entrada!B37=0,entrada!B37=""),"",entrada!B37) -> *2 NTC 1061:2020 ALCANCE: no aplica para organicos | C29: =IF(OR(entrada!C37=0,entrada!C37=""),"",entrada!C37) | D29: =IF(OR(entrada!D37=0,entrada!D37=""),"",entrada!D37) | H29: =IF(OR(entrada!K37=0,entrada!K37=""),"",entrada!K37)
B30: =IF(OR(entrada!B38=0,entrada!B38=""),"",entrada!B38) -> *3 NTC 1061:2020 4.1 | C30: =IF(OR(entrada!C38=0,entrada!C38=""),"",entrada!C38) | D30: =IF(OR(entrada!D38=0,entrada!D38=""),"",entrada!D38) | H30: =IF(OR(entrada!K38=0,entrada!K38=""),"",entrada!K38)
B31: =IF(OR(entrada!B40=0,entrada!B40=""),"",entrada!B40) | C31: =IF(OR(entrada!C40=0,entrada!C40=""),"",entrada!C40) | D31: =IF(OR(entrada!D40=0,entrada!D40=""),"",entrada!D40) | H31: =IF(OR(entrada!K40=0,entrada!K40=""),"",entrada!K40)
B32: =IF(OR(entrada!B41=0,entrada!B41=""),"",entrada!B41) -> Tolerancia Mínima NTC | C32: =IF(OR(entrada!C41=0,entrada!C41=""),"",entrada!C41) | D32: =IF(OR(entrada!D41=0,entrada!D41=""),"",entrada!D41) | E32: =entrada!F41 -> 0.11884456 | H32: =entrada!K41 -> 0.041527 | I32: =entrada!L41 -> 0.250399
B33: SOLICITUD DE REGISTRO ICA | C33: =IF(OR(entrada!C42=0,entrada!C42=""),"",entrada!C42) | D33: =IF(OR(entrada!D42=0,entrada!D42=""),"",entrada!D42) | E33: =entrada!F42 -> 0.13 | H33: =entrada!K42 -> 0.05 | I33: =entrada!L42 -> 0.27
B34: =IF(OR(entrada!B43=0,entrada!B43=""),"",entrada!B43) -> Tolerancia Máxima NTC | C34: =IF(OR(entrada!C43=0,entrada!C43=""),"",entrada!C43) | D34: =IF(OR(entrada!D43=0,entrada!D43=""),"",entrada!D43) | E34: =entrada!F43 -> 0.14115544 | H34: =entrada!K43 -> 0.058473 | I34: =entrada!L43 -> 0.289601
B35: =IF(OR(entrada!B44=0,entrada!B44=""),"",entrada!B44) | C35: =IF(OR(entrada!C44=0,entrada!C44=""),"",entrada!C44) | D35: =IF(OR(entrada!D44=0,entrada!D44=""),"",entrada!D44) | H35: =IF(OR(entrada!K44=0,entrada!K44=""),"",entrada!K44)
B36: =IF(OR(entrada!B47=0,entrada!B47=""),"",entrada!B47) | C36: =IF(OR(entrada!C47=0,entrada!C47=""),"",entrada!C47) | D36: =IF(OR(entrada!D47=0,entrada!D47=""),"",entrada!D47) | H36: =IF(OR(entrada!K47=0,entrada!K47=""),"",entrada!K47)

Sheet salida
C2: BALANCE DE MATERIAS PRIMAS
B5: FORMULACION: | C5: CALFERQUIM * 13-5-27
B7: MATERIA PRIMA | C7: kg / Ton | D7: %/100 kg | E7: Nitrogeno Total N | F7: Nitrogeno amoniacal | G7: Nitrogeno ureico | H7: Fosforo asimilable P2O5 | I7: Potasio soluble K2O
B8: UREA - NUTRICION PLANTAS | C8: 200 | D8: 20 | E8: 0.092 | G8: 0.092
B9: MAP - PRECISAGRO | C9: 100 | D9: 10 | E9: 0.01 | F9: 0.01 | H9: 0.05
B10: NUCLEO 4 - CALFERQUIM | C10: 100 | D10: 10
B11: KCL - NUTRICION PLANTAS | C11: 450 | D11: 45 | I11: 0.27
B12: SAM - PRECISAGRO | C12: 150 | D12: 15 | E12: 0.0315 | F12: 0.0315
B13: ADITIVOS
B16: GRADO | C16: 1000 | D16: 100 | E16: 0.1335 | F16: 0.0415 | G16: 0.092 | H16: 0.05 | I16: 0.27
B18: CERTIFICADO DE ANALISIS | E18: 0.1339 | F18: 0.0458 | G18: 0.0881 | H18: 0.0526 | I18: 0.2752
B20: CONTENIDOS MINIMOS*1
B21: 1) NPK (Formula sola o en mezcla con micronutrientes) | E21: 0.03 | H21: 0.03 | I21: 0.03
B22: CUMPLE | E22: SI | H22: SI | I22: SI
B23: *1 Resolución ICA 150 de 2003 ANEXO 11
B25: TOLERANCIAS*2
B26: Calculo | E26: 0.011155438 | H26: 0.008473 | I26: 0.019601
B27: 1) NPK ¿El contenido está fuera de rango [4%-32%]?*3 | E27: NO | H27: NO | I27: NO
B28: Tolerancia permitida | E28: 0.011155438 | H28: 0.008473 | I28: 0.019601
B29: *2 NTC 1061:2020 ALCANCE: no aplica para organicos
B30: *3 NTC 1061:2020 4.1
B32: Tolerancia Mínima NTC | E32: 0.11884456 | H32: 0.041527 | I32: 0.250399
B33: SOLICITUD DE REGISTRO ICA | E33: 0.13 | H33: 0.05 | I33: 0.27
B34: Tolerancia Máxima NTC | E34: 0.14115544 | H34: 0.058473 | I34: 0.289601
B35: =IF(OR(entrada!B44=0,entrada!B44=""),"",entrada!B44) | C35: =IF(OR(entrada!C44=0,entrada!C44=""),"",entrada!C44) | D35: =IF(OR(entrada!D44=0,entrada!D44=""),"",entrada!D44) | H35: =IF(OR(entrada!K44=0,entrada!K44=""),"",entrada!K44)
B36: =IF(OR(entrada!B47=0,entrada!B47=""),"",entrada!B47) | C36: =IF(OR(entrada!C47=0,entrada!C47=""),"",entrada!C47) | D36: =IF(OR(entrada!D47=0,entrada!D47=""),"",entrada!D47) | H36: =IF(OR(entrada!K47=0,entrada!K47=""),"",entrada!K47)
