Workbook

Sheet tolerancias
A1: Elemento | B1: N-tot | C1: P-as | D1: K-sol | E1: CaO-tot | F1: MgO-tot | G1: S-tot | H1: B | I1: Co | J1: Cu-sol | K1: Fe-sol | L1: Mn-sol | M1: Mo-sol | N1: SiO2-tot | O1: SiO2-sol | P1: Zn-tot
A2: npk | B2: 0.03 | C2: 0.03 | D2: 0.03 | E2: NA | F2: NA | G2: NA | H2: NA | I2: NA | J2: NA | K2: NA | L2: NA | M2: NA | N2: NA | O2: NA | P2: NA
A3: sec-solo | B3: NA | C3: NA | D3: NA | E3: 0.05 | F3: 0.05 | G3: 0.05 | H3: NA | I3: NA | J3: NA | K3: NA | L3: NA | M3: NA | N3: NA | O3: NA | P3: NA
A4: micro-solo | B4: NA | C4: NA | D4: NA | E4: NA | F4: NA | G4: NA | H4: 0.005 | I4: 0.0002 | J4: 0.002 | K4: 0.002 | L4: 0.002 | M4: 0.0002 | N4: 0.002 | O4: NA | P4: 0.005
A5: micro-mezcla | B5: NA | C5: NA | D5: NA | E5: NA | F5: NA | G5: NA | H5: 0.0002 | I5: 2e-05 | J5: 0.0001 | K5: 0.0001 | L5: 0.0001 | M5: 5e-05 | N5: 0.0002 | O5: NA | P5: 0.0002

Sheet entrada
B5: MATERIA PRIMA | C5: kg / Ton | D5: %/100 kg | E5: C | F5: N | G5: N-NH4 | H5: N-NO3 | I5: N-org | J5: N-ur | K5: P | L5: K | M5: CaO | N5: MgO | O5: S | P5: B | Q5: Co | R5: Cu | S5: Fe | T5: Mn | U5: Mo | V5: SiO2 | W5: Zn | X5: Na
B6: DOLOMITA | C6: 60 | D6: =C6/10 -> 6 | M6: 0.35 | N6: 0.15
B7: KIESERITA | C7: 50 | D7: =C7/10 -> 5 | N7: 0.25 | O7: 0.2
B8: ROCA FOSFORICA | C8: 260 | D8: =C8/10 -> 26 | L8: 0.28 | M8: 0.4 | V8: 0.1096
B9: SILICATO MG | C9: 150 | D9: =C9/10 -> 15 | N9: 0.3 | V9: 0.31
B10: SULFATO CA | C10: 280 | D10: =C10/10 -> 28 | M10: 0.26 | O10: 0.13
B11: SULFATO COBRE | C11: 20 | D11: =C11/10 -> 2 | O11: 0.12 | R11: 0.25
B12: SULFATO ZINC 35% | C12: 80 | D12: =C12/10 -> 8 | O12: 0.18 | W12: 0.35
B13: ULEXITA CALCINADA | C13: 100 | D13: =C13/10 -> 10 | M13: 0.13 | P13: 0.14 | V13: 0.0149
B14: SUMA | C14: =SUM(C6:C13) -> 1000 | D14: 100
B15: TOTAL
B17: MATERIA PRIMA | C17: kg / Ton | D17: %/100 kg | E17: Carbono organico total oxidable C | F17: Nitrogeno Total N | G17: Nitrogeno amoniacal | H17: Nitrogeno nitrico | I17: Nitrogeno organico | J17: Nitrogeno ureico | K17: Fosforo asimilable P2O5 | L17: Potasio soluble K2O | M17: Calcio CaO | N17: Magnesio MgO | O17: Azufre S | P17: Boro B | Q17: Cobalto Co | R17: Cobre Cu | S17: Hierro Fe | T17: Manganeso Mn | U17: Molibdeno Mo | V17: Silicio SiO2 | W17: Zinc Zn | X17: Sodio Na
B18: DOLOMITA | C18: 60 | D18: =C18/10 -> 6 | E18: =IF(E7="","",E7*$D7/$D$14) | F18: =IF(F7="","",SUM(G18:J18)) | G18: =IF(G7="","",G7*$D7/$D$14) | H18: =IF(H7="","",H7*$D7/$D$14) | I18: =IF(I7="","",I7*$D7/$D$14) | J18: =IF(J7="","",J7*$D7/$D$14) | K18: =IF(K7="","",K7*$D7/$D$14) | L18: =IF(L7="","",L7*$D7/$D$14) | M18: =IF(M7="","",M7*$D7/$D$14) | N18: =IF(N7="","",N7*$D7/$D$14) -> 0.0125 | ... X18: =IF(X7="","",X7*$D7/$D$14)
B19: KIESERITA | C19: 50 | D19: =C19/10 -> 5 | E19: =IF(E8="","",E8*$D8/$D$14) | F19: =IF(F8="","",SUM(G19:J19)) | G19: =IF(G8="","",G8*$D8/$D$14) | H19: =IF(H8="","",H8*$D8/$D$14) | I19: =IF(I8="","",I8*$D8/$D$14) | J19: =IF(J8="","",J8*$D8/$D$14) | K19: =IF(K8="","",K8*$D8/$D$14) | L19: =IF(L8="","",L8*$D8/$D$14) -> 0.0728 | M19: =IF(M8="","",M8*$D8/$D$14) -> 0.104 | N19: =IF(N8="","",N8*$D8/$D$14) | ... X19: =IF(X8="","",X8*$D8/$D$14)
B20: ROCA FOSFORICA | C20: 260 | D20: =C20/10 -> 26 | E20: =IF(E9="","",E9*$D9/$D$14) | F20: =IF(F9="","",SUM(G20:J20)) | G20: =IF(G9="","",G9*$D9/$D$14) | H20: =IF(H9="","",H9*$D9/$D$14) | I20: =IF(I9="","",I9*$D9/$D$14) | J20: =IF(J9="","",J9*$D9/$D$14) | K20: =IF(K9="","",K9*$D9/$D$14) | L20: =IF(L9="","",L9*$D9/$D$14) | M20: =IF(M9="","",M9*$D9/$D$14) | N20: =IF(N9="","",N9*$D9/$D$14) -> 0.045 | ... X20: =IF(X9="","",X9*$D9/$D$14)
B21: SILICATO MG | C21: 150 | D21: =C21/10 -> 15 | E21: =IF(E10="","",E10*$D10/$D$14) | F21: =IF(F10="","",SUM(G21:J21)) | G21: =IF(G10="","",G10*$D10/$D$14) | H21: =IF(H10="","",H10*$D10/$D$14) | I21: =IF(I10="","",I10*$D10/$D$14) | J21: =IF(J10="","",J10*$D10/$D$14) | K21: =IF(K10="","",K10*$D10/$D$14) | L21: =IF(L10="","",L10*$D10/$D$14) | M21: =IF(M10="","",M10*$D10/$D$14) -> 0.0728 | N21: =IF(N10="","",N10*$D10/$D$14) | ... X21: =IF(X10="","",X10*$D10/$D$14)
B22: SULFATO CA | C22: 280 | D22: =C22/10 -> 28 | E22: =IF(E11="","",E11*$D11/$D$14) | F22: =IF(F11="","",SUM(G22:J22)) | G22: =IF(G11="","",G11*$D11/$D$14) | H22: =IF(H11="","",H11*$D11/$D$14) | I22: =IF(I11="","",I11*$D11/$D$14) | J22: =IF(J11="","",J11*$D11/$D$14) | K22: =IF(K11="","",K11*$D11/$D$14) | L22: =IF(L11="","",L11*$D11/$D$14) | M22: =IF(M11="","",M11*$D11/$D$14) | N22: =IF(N11="","",N11*$D11/$D$14) | ... X22: =IF(X11="","",X11*$D11/$D$14)
B23: SULFATO COBRE | C23: 20 | D23: =C23/10 -> 2 | E23: =IF(E12="","",E12*$D12/$D$14) | F23: =IF(F12="","",SUM(G23:J23)) | G23: =IF(G12="","",G12*$D12/$D$14) | H23: =IF(H12="","",H12*$D12/$D$14) | I23: =IF(I12="","",I12*$D12/$D$14) | J23: =IF(J12="","",J12*$D12/$D$14) | K23: =IF(K12="","",K12*$D12/$D$14) | L23: =IF(L12="","",L12*$D12/$D$14) | M23: =IF(M12="","",M12*$D12/$D$14) | N23: =IF(N12="","",N12*$D12/$D$14) | ... X23: =IF(X12="","",X12*$D12/$D$14)
B24: SULFATO ZINC 35% | C24: 80 | D24: =C24/10 -> 8 | E24: =IF(E13="","",E13*$D13/$D$14) | F24: =IF(F13="","",SUM(G24:J24)) | G24: =IF(G13="","",G13*$D13/$D$14) | H24: =IF(H13="","",H13*$D13/$D$14) | I24: =IF(I13="","",I13*$D13/$D$14) | J24: =IF(J13="","",J13*$D13/$D$14) | K24: =IF(K13="","",K13*$D13/$D$14) | L24: =IF(L13="","",L13*$D13/$D$14) | M24: =IF(M13="","",M13*$D13/$D$14) -> 0.013 | N24: =IF(N13="","",N13*$D13/$D$14) | ... X24: =IF(X13="","",X13*$D13/$D$14)
B25: ULEXITA CALCINADA | C25: 100 | D25: =C25/10 -> 10 | E25: =IF(E14="","",E14*$D14/$D$14) | F25: =IF(F14="","",SUM(G25:J25)) | G25: =IF(G14="","",G14*$D14/$D$14) | H25: =IF(H14="","",H14*$D14/$D$14) | I25: =IF(I14="","",I14*$D14/$D$14) | J25: =IF(J14="","",J14*$D14/$D$14) | K25: =IF(K14="","",K14*$D14/$D$14) | L25: =IF(L14="","",L14*$D14/$D$14) | M25: =IF(M14="","",M14*$D14/$D$14) | N25: =IF(N14="","",N14*$D14/$D$14) | ... X25: =IF(X14="","",X14*$D14/$D$14)
B26: SUMA | C26: =SUM(C18:C25) -> 1000 | D26: =SUM(D18:D25) -> 100
B27: TOTAL | E27: =SUM(E18:E24) -> 0 | F27: =SUM(F18:F24) -> 0 | G27: =SUM(G18:G24) -> 0 | H27: =SUM(H18:H24) -> 0 | I27: =SUM(I18:I24) -> 0 | J27: =SUM(J18:J24) -> 0 | K27: =SUM(K18:K24) -> 0 | L27: =SUM(L18:L24) -> 0.0728 | ... X27: =SUM(X18:X24) -> 0
B29: CERTIFICADO DE ANALISIS
B31: CONTENIDOS MINIMOS*1
B32: NPK (Formula sola o en mezcla con micronutrientes) | F32: =IF(F27=0,"",IF(F27<tolerancias!B2,"SI","NO")) | K32: =IF(K27=0,"",IF(K27<tolerancias!C2,"SI","NO")) | L32: =IF(L27=0,"",IF(L27<tolerancias!D2,"SI","NO")) -> NO
B33: Secundarios (Formula UNICAMENTE con Ca, Mg, S) | M33: NA | N33: NA | O33: NA
B34: Micronutrientes: Unicamente micronutrientes
B35: Micronutrientes: Mezcla con NPK o secundarios | P35: =IF(P27=0,"",IF(P27>tolerancias!H5,"SI","NO")) -> SI | Q35: =IF(Q27=0,"",IF(Q27>tolerancias!I5,"SI","NO")) | R35: =IF(R27=0,"",IF(R27>tolerancias!J5,"SI","NO")) -> SI | S35: =IF(S27=0,"",IF(S27>tolerancias!K5,"SI","NO")) | T35: =IF(T27=0,"",IF(T27>tolerancias!L5,"SI","NO")) | U35: =IF(U27=0,"",IF(U27>tolerancias!M5,"SI","NO")) | V35: =IF(V27=0,"",IF(V27>tolerancias!N5,"SI","NO")) -> SI | W35: =IF(W27=0,"",IF(W27>tolerancias!P5,"SI","NO")) -> SI
B36: *1 Resolución ICA 150 de 2003 ANEXO 11
B38: TOLERANCIAS*2
B39: Calculo | F39: =IF(F27=0,"",((-0.0005*100*100*F$27*F$27+0.0413*100*F$27+0.6533)/100)) | K39: =IF(K27=0,"",((-0.0005*100*100*K$27*K$27+0.0413*100*K$27+0.6533)/100)) | L39: =IF(L27=0,"",((-0.0007*10000*L$27*L$27+0.0769*100*L$27+0.3941)/100)) -> 0.0091683312
B40: NPK ¿El contenido está fuera de rango [4%-32%]?*3 | F40: =IF(F27=0,"",IF(OR(F27<4.001%,F27>32.001%),"SI","NO")) | K40: =IF(K27=0,"",IF(OR(K27<4.001%,K27>32.001%),"SI","NO")) | L40: =IF(L27=0,"",IF(OR(L27<4.001%,L27>32.001%),"SI","NO")) -> NO | M40: =IF(M27=0,"",((0.42+0.105*100*M$27)/100)) -> 0.024129 | N40: =IF(N27=0,"",((0.5+0.125*100*N$27)/100)) -> 0.0121875 | O40: =IF(O27=0,"",((0.3+0.075*100*O$27)/100)) -> 0.00774 | P40: =IF(P27=0,"",((0.005+0.25*100*P$27)/100)) -> 0.00355 | Q40: =IF(Q27=0,"",((0.000125+0.375*100*Q$27)/100)) | R40: =IF(R27=0,"",((0.015+0.3*100*R$27)/100)) -> 0.00165 | S40: =IF(S27=0,"",((0.015+0.3*100*S$27)/100)) | T40: =IF(T27=0,"",((0.015+0.3*100*T$27)/100)) | U40: =IF(U27=0,"",((0.000125+0.375*100*U$27)/100)) | W40: =IF(W27=0,"",((0.015+0.3*100*W$27)/100)) -> 0.00855 | X40: =IF(X27=0,"",((0.015+0.3*100*X$27)/100))
B41: Secundarios y menores ¿La tolerancia supera el 50% o 1.5pp?*4 | M41: =IF(M27=0,"",IF(OR(M40>M27/2,M40>1.501%),"SI","NO")) -> SI | N41: =IF(N27=0,"",IF(OR(N40>N27/2,N40>1.501%),"SI","NO")) -> NO | O41: =IF(O27=0,"",IF(OR(O40>O27/2,O40>1.501%),"SI","NO")) -> NO | P41: =IF(P27=0,"",IF(OR(P40>P27/2,P40>1.501%),"SI","NO")) -> NO | Q41: =IF(Q27=0,"",IF(OR(Q40>Q27/2,Q40>1.501%),"SI","NO")) | R41: =IF(R27=0,"",IF(OR(R40>R27/2,R40>1.501%),"SI","NO")) -> NO | S41: =IF(S27=0,"",IF(OR(S40>S27/2,S40>1.501%),"SI","NO")) | T41: =IF(T27=0,"",IF(OR(T40>T27/2,T40>1.501%),"SI","NO")) | U41: =IF(U27=0,"",IF(OR(U40>U27/2,U40>1.501%),"SI","NO")) | V41: =IF(V5="SiO2","",IF(V27=0,"",IF(OR(V40>V27/2,V40>1.501%),"SI","NO"))) | W41: =IF(W27=0,"",IF(OR(W40>W27/2,W40>1.501%),"SI","NO")) -> NO | X41: =IF(X27=0,"",IF(OR(X40>X27/2,X40>1.501%),"SI","NO"))
B42: Tolerancia permitida | F42: =IF(F27=0,"",IF(F40="NO",F39,IF(F27<4%,0.81%,1.46%))) | K42: =IF(K27=0,"",IF(K40="NO",K39,IF(K27<4%,0.81%,1.46%))) | L42: =IF(L27=0,"",IF(L40="NO",L39,IF(L27<4%,0.69%,2.14%))) -> 0.0091683312 | M42: =IF(M27=0,"",IF(M40="NO",M39,1.5%)) -> 0.015 | N42: =IF(N27=0,"",IF(N40="NO",N39,1.5%)) -> 0.015 | O42: =IF(O27=0,"",IF(O40="NO",O39,1.5%)) -> 0.015 | P42: =IF(P27=0,"",IF(P40="NO",P39,1.5%)) -> 0.015 | Q42: =IF(Q27=0,"",IF(Q40="NO",Q39,1.5%)) | R42: =IF(R27=0,"",IF(R40="NO",R39,1.5%)) -> 0.015 | S42: =IF(S27=0,"",IF(S40="NO",S39,1.5%)) | T42: =IF(T27=0,"",IF(T40="NO",T39,1.5%)) | U42: =IF(U27=0,"",IF(U40="NO",U39,1.5%)) | V42: =IF(V5="SiO2","",IF(V27=0,"",IF(V40="NO",V39,1.5%))) | W42: =IF(W27=0,"",IF(W40="NO",W39,1.5%)) -> 0.015 | X42: =IF(X27=0,"",IF(X40="NO",X39,1.5%))
B43: *2 NTC 1061:2020 ALCANCE: no aplica para organicos
B44: *3 NTC 1061:2020 4.1
B45: *4 NTC 1061:2020 4.2.1 - 4.2.2
B47: Tolerancia Mínima NTC | E47: =IF(E5="C","",IF(E27=0,"",E48-E42)) | F47: =IF(F27=0,"",F48-F42) | G47: =IF(G27=0,"",G48-G42) | H47: =IF(H27=0,"",H48-H42) | I47: =IF(I27=0,"",I48-I42) | J47: =IF(J27=0,"",J48-J42) | K47: =IF(K27=0,"",K48-K42) | L47: =IF(L27=0,"",L48-L42) -> 0.063631669 | M47: =IF(M27=0,"",M48-M42) -> 0.1748 | ... U47: =IF(U27=0,"",U48-U42) | V47: =IF(V5="SiO2","",IF(V27=0,"",V48-V42)) | W47: =IF(W27=0,"",W48-W42) -> 0.013 | X47: =IF(X27=0,"",X48-X42)
B48: =_xlfn.CONCAT("SOLICITUD DE REGISTRO ICA: ",B5) -> SOLICITUD DE REGISTRO ICA: MATERIA PRIMA | E48: =IF(E27=0,"",E27) | F48: =IF(F27=0,"",F27) | G48: =IF(G27=0,"",G27) | H48: =IF(H27=0,"",H27) | I48: =IF(I27=0,"",I27) | J48: =IF(J27=0,"",J27) | K48: =IF(K27=0,"",K27) | L48: =IF(L27=0,"",L27) -> 0.0728 | ... X48: =IF(X27=0,"",X27)
B49: Tolerancia Máxima NTC | E49: =IF(E5="C","",IF(E27=0,"",E48+E42)) | F49: =IF(F27=0,"",F48+F42) | G49: =IF(G27=0,"",G48+G42) | H49: =IF(H27=0,"",H48+H42) | I49: =IF(I27=0,"",I48+I42) | J49: =IF(J27=0,"",J48+J42) | K49: =IF(K27=0,"",K48+K42) | L49: =IF(L27=0,"",L48+L42) -> 0.081968331 | M49: =IF(M27=0,"",M48+M42) -> 0.2048 | ... U49: =IF(U27=0,"",U48+U42) | V49: =IF(V5="SiO2","",IF(V27=0,"",V48+V42)) | W49: =IF(W27=0,"",W48+W42) -> 0.043 | X49: =IF(X27=0,"",X48+X42)

Sheet balance materias primas
F2: BALANCE DE MATERIAS PRIMAS | S2: ##
F3: SISTEMA DE GESTION INTEGRAL | S3: ##
F4: CODIGO:
B6: FORMULACION: | C6: BZINC-15
B8: =IF(OR(entrada!B17=0,entrada!B17=""),"",entrada!B17) -> MATERIA PRIMA | C8: =IF(OR(entrada!C17=0,entrada!C17=""),"",entrada!C17) -> kg / Ton | D8: =IF(OR(entrada!D17=0,entrada!D17=""),"",entrada!D17) -> %/100 kg | E8: =IF(OR(entrada!E17=0,entrada!E17=""),"",entrada!E17) -> Carbono organico total oxidable C | F8: =IF(OR(entrada!F17=0,entrada!F17=""),"",entrada!F17) -> Nitrogeno Total N | G8: =IF(OR(entrada!G17=0,entrada!G17=""),"",entrada!G17) -> Nitrogeno amoniacal | H8: =IF(OR(entrada!H17=0,entrada!H17=""),"",entrada!H17) -> Nitrogeno nitrico | I8: =IF(OR(entrada!I17=0,entrada!I17=""),"",entrada!I17) -> Nitrogeno organico | ... X8: =IF(OR(entrada!X17=0,entrada!X17=""),"",entrada!X17) -> Sodio Na
B9: =IF(OR(entrada!B18=0,entrada!B18=""),"",entrada!B18) -> DOLOMITA | C9: =IF(OR(entrada!C18=0,entrada!C18=""),"",entrada!C18) -> 60 | D9: =IF(OR(entrada!D18=0,entrada!D18=""),"",entrada!D18) -> 6 | E9: =IF(OR(entrada!E18=0,entrada!E18=""),"",entrada!E18) | F9: =IF(OR(entrada!F18=0,entrada!F18=""),"",entrada!F18) | G9: =IF(OR(entrada!G18=0,entrada!G18=""),"",entrada!G18) | H9: =IF(OR(entrada!H18=0,entrada!H18=""),"",entrada!H18) | I9: =IF(OR(entrada!I18=0,entrada!I18=""),"",entrada!I18) | ... X9: =IF(OR(entrada!X18=0,entrada!X18=""),"",entrada!X18)
B10: =IF(OR(entrada!B19=0,entrada!B19=""),"",entrada!B19) -> KIESERITA | C10: =IF(OR(entrada!C19=0,entrada!C19=""),"",entrada!C19) -> 50 | D10: =IF(OR(entrada!D19=0,entrada!D19=""),"",entrada!D19) -> 5 | E10: =IF(OR(entrada!E19=0,entrada!E19=""),"",entrada!E19) | F10: =IF(OR(entrada!F19=0,entrada!F19=""),"",entrada!F19) | G10: =IF(OR(entrada!G19=0,entrada!G19=""),"",entrada!G19) | H10: =IF(OR(entrada!H19=0,entrada!H19=""),"",entrada!H19) | I10: =IF(OR(entrada!I19=0,entrada!I19=""),"",entrada!I19) | ... X10: =IF(OR(entrada!X19=0,entrada!X19=""),"",entrada!X19)
B11: =IF(OR(entrada!B20=0,entrada!B20=""),"",entrada!B20) -> ROCA FOSFORICA | C11: =IF(OR(entrada!C20=0,entrada!C20=""),"",entrada!C20) -> 260 | D11: =IF(OR(entrada!D20=0,entrada!D20=""),"",entrada!D20) -> 26 | E11: =IF(OR(entrada!E20=0,entrada!E20=""),"",entrada!E20) | F11: =IF(OR(entrada!F20=0,entrada!F20=""),"",entrada!F20) | G11: =IF(OR(entrada!G20=0,entrada!G20=""),"",entrada!G20) | H11: =IF(OR(entrada!H20=0,entrada!H20=""),"",entrada!H20) | I11: =IF(OR(entrada!I20=0,entrada!I20=""),"",entrada!I20) | ... X11: =IF(OR(entrada!X20=0,entrada!X20=""),"",entrada!X20)
B12: =IF(OR(entrada!B21=0,entrada!B21=""),"",entrada!B21) -> SILICATO MG | C12: =IF(OR(entrada!C21=0,entrada!C21=""),"",entrada!C21) -> 150 | D12: =IF(OR(entrada!D21=0,entrada!D21=""),"",entrada!D21) -> 15 | E12: =IF(OR(entrada!E21=0,entrada!E21=""),"",entrada!E21) | F12: =IF(OR(entrada!F21=0,entrada!F21=""),"",entrada!F21) | G12: =IF(OR(entrada!G21=0,entrada!G21=""),"",entrada!G21) | H12: =IF(OR(entrada!H21=0,entrada!H21=""),"",entrada!H21) | I12: =IF(OR(entrada!I21=0,entrada!I21=""),"",entrada!I21) | ... X12: =IF(OR(entrada!X21=0,entrada!X21=""),"",entrada!X21)
B13: =IF(OR(entrada!B22=0,entrada!B22=""),"",entrada!B22) -> SULFATO CA | C13: =IF(OR(entrada!C22=0,entrada!C22=""),"",entrada!C22) -> 280 | D13: =IF(OR(entrada!D22=0,entrada!D22=""),"",entrada!D22) -> 28 | E13: =IF(OR(entrada!E22=0,entrada!E22=""),"",entrada!E22) | F13: =IF(OR(entrada!F22=0,entrada!F22=""),"",entrada!F22) | G13: =IF(OR(entrada!G22=0,entrada!G22=""),"",entrada!G22) | H13: =IF(OR(entrada!H22=0,entrada!H22=""),"",entrada!H22) | I13: =IF(OR(entrada!I22=0,entrada!I22=""),"",entrada!I22) | ... X13: =IF(OR(entrada!X22=0,entrada!X22=""),"",entrada!X22)
B14: =IF(OR(entrada!B23=0,entrada!B23=""),"",entrada!B23) -> SULFATO COBRE | C14: =IF(OR(entrada!C23=0,entrada!C23=""),"",entrada!C23) -> 20 | D14: =IF(OR(entrada!D23=0,entrada!D23=""),"",entrada!D23) -> 2 | E14: =IF(OR(entrada!E23=0,entrada!E23=""),"",entrada!E23) | F14: =IF(OR(entrada!F23=0,entrada!F23=""),"",entrada!F23) | G14: =IF(OR(entrada!G23=0,entrada!G23=""),"",entrada!G23) | H14: =IF(OR(entrada!H23=0,entrada!H23=""),"",entrada!H23) | I14: =IF(OR(entrada!I23=0,entrada!I23=""),"",entrada!I23) | ... X14: =IF(OR(entrada!X23=0,entrada!X23=""),"",entrada!X23)
B15: =IF(OR(entrada!B24=0,entrada!B24=""),"",entrada!B24) -> SULFATO ZINC 35% | C15: =IF(OR(entrada!C24=0,entrada!C24=""),"",entrada!C24) -> 80 | D15: =IF(OR(entrada!D24=0,entrada!D24=""),"",entrada!D24) -> 8 | E15: =IF(OR(entrada!E24=0,entrada!E24=""),"",entrada!E24) | F15: =IF(OR(entrada!F24=0,entrada!F24=""),"",entrada!F24) | G15: =IF(OR(entrada!G24=0,entrada!G24=""),"",entrada!G24) | H15: =IF(OR(entrada!H24=0,entrada!H24=""),"",entrada!H24) | I15: =IF(OR(entrada!I24=0,entrada!I24=""),"",entrada!I24) | ... X15: =IF(OR(entrada!X24=0,entrada!X24=""),"",entrada!X24)
B16: ADITIVOS
B19: =IF(OR(entrada!B27=0,entrada!B27=""),"",entrada!B27) -> TOTAL | C19: =IF(OR(entrada!C26=0,entrada!C26=""),"",entrada!C26) -> 1000 | D19: =IF(OR(entrada!D26=0,entrada!D26=""),"",entrada!D26) -> 100 | E19: =IF(OR(entrada!E27=0,entrada!E27=""),"",entrada!E27) | F19: =IF(OR(entrada!F27=0,entrada!F27=""),"",entrada!F27) | G19: =IF(OR(entrada!G27=0,entrada!G27=""),"",entrada!G27) | H19: =IF(OR(entrada!H27=0,entrada!H27=""),"",entrada!H27) | I19: =IF(OR(entrada!I27=0,entrada!I27=""),"",entrada!I27) | J19: =IF(OR(entrada!J27=0,entrada!J27=""),"",entrada!J27) | K19: =IF(OR(entrada!K27=0,entrada!K27=""),"",entrada!K27) | L19: =IF(OR(entrada!L27=0,entrada!L27=""),"",entrada!L27) -> 0.0728 | ... X19: =IF(OR(entrada!X27=0,entrada!X27=""),"",entrada!X27)
B20: =IF(OR(entrada!B28=0,entrada!B28=""),"",entrada!B28) | C20: =IF(OR(entrada!C28=0,entrada!C28=""),"",entrada!C28) | D20: =IF(OR(entrada!D28=0,entrada!D28=""),"",entrada!D28)
B21: =IF(OR(entrada!B29=0,entrada!B29=""),"",entrada!B29) -> CERTIFICADO DE ANALISIS | C21: =IF(OR(entrada!C29=0,entrada!C29=""),"",entrada!C29) | D21: =IF(OR(entrada!D29=0,entrada!D29=""),"",entrada!D29) | E21: =IF(OR(entrada!E29=0,entrada!E29=""),"",entrada!E29) | F21: =IF(OR(entrada!F29=0,entrada!F29=""),"",entrada!F29) | G21: =IF(OR(entrada!G29=0,entrada!G29=""),"",entrada!G29) | H21: =IF(OR(entrada!H29=0,entrada!H29=""),"",entrada!H29) | I21: =IF(OR(entrada!I29=0,entrada!I29=""),"",entrada!I29) | ... X21: =IF(OR(entrada!X29=0,entrada!X29=""),"",entrada!X29)
B22: =IF(OR(entrada!B30=0,entrada!B30=""),"",entrada!B30) | C22: =IF(OR(entrada!C30=0,entrada!C30=""),"",entrada!C30) | D22: =IF(OR(entrada!D30=0,entrada!D30=""),"",entrada!D30) | E22: =IF(OR(entrada!E30=0,entrada!E30=""),"",entrada!E30) | F22: =IF(OR(entrada!F30=0,entrada!F30=""),"",entrada!F30) | G22: =IF(OR(entrada!G30=0,entrada!G30=""),"",entrada!G30) | H22: =IF(OR(entrada!H30=0,entrada!H30=""),"",entrada!H30) | I22: =IF(OR(entrada!I30=0,entrada!I30=""),"",entrada!I30) | ... X22: =IF(OR(entrada!X30=0,entrada!X30=""),"",entrada!X30)
B23: =IF(OR(entrada!B31=0,entrada!B31=""),"",entrada!B31) -> CONTENIDOS MINIMOS*1 | E23: =IF(OR(entrada!E31=0,entrada!E31=""),"",entrada!E31) | F23: =IF(OR(entrada!F31=0,entrada!F31=""),"",entrada!F31) | G23: =IF(OR(entrada!G31=0,entrada!G31=""),"",entrada!G31) | H23: =IF(OR(entrada!H31=0,entrada!H31=""),"",entrada!H31) | I23: =IF(OR(entrada!I31=0,entrada!I31=""),"",entrada!I31) | J23: =IF(OR(entrada!J31=0,entrada!J31=""),"",entrada!J31) | K23: =IF(OR(entrada!K31=0,entrada!K31=""),"",entrada!K31) | L23: =IF(OR(entrada!L31=0,entrada!L31=""),"",entrada!L31) | ... X23: =IF(OR(entrada!X31=0,entrada!X31=""),"",entrada!X31)
B24: =IF(OR(entrada!B32=0,entrada!B32=""),"",entrada!B32) -> NPK (Formula sola o en mezcla con micronutrientes) | C24: =IF(OR(entrada!C32=0,entrada!C32=""),"",entrada!C32) | D24: =IF(OR(entrada!D32=0,entrada!D32=""),"",entrada!D32) | E24: =IF(OR(entrada!E32=0,entrada!E32=""),"",entrada!E32) | F24: =IF(OR(entrada!F32=0,entrada!F32=""),"",entrada!F32) | K24: =IF(OR(entrada!K32=0,entrada!K32=""),"",entrada!K32) | L24: =IF(OR(entrada!L32=0,entrada!L32=""),"",entrada!L32) -> NO | M24: =IF(OR(entrada!M32=0,entrada!M32=""),"",entrada!M32) | N24: =IF(OR(entrada!N32=0,entrada!N32=""),"",entrada!N32) | O24: =IF(OR(entrada!O32=0,entrada!O32=""),"",entrada!O32) | P24: =IF(OR(entrada!P32=0,entrada!P32=""),"",entrada!P32) | Q24: =IF(OR(entrada!Q32=0,entrada!Q32=""),"",entrada!Q32) | R24: =IF(OR(entrada!R32=0,entrada!R32=""),"",entrada!R32) | ... X24: =IF(OR(entrada!X32=0,entrada!X32=""),"",entrada!X32)
B25: =IF(OR(entrada!B33=0,entrada!B33=""),"",entrada!B33) -> Secundarios (Formula UNICAMENTE con Ca, Mg, S) | C25: =IF(OR(entrada!C33=0,entrada!C33=""),"",entrada!C33) | D25: =IF(OR(entrada!D33=0,entrada!D33=""),"",entrada!D33) | E25: =IF(OR(entrada!E33=0,entrada!E33=""),"",entrada!E33) | F25: =IF(OR(entrada!F33=0,entrada!F33=""),"",entrada!F33) | K25: =IF(OR(entrada!K33=0,entrada!K33=""),"",entrada!K33) | L25: =IF(OR(entrada!L33=0,entrada!L33=""),"",entrada!L33) | M25: =IF(OR(entrada!M33=0,entrada!M33=""),"",entrada!M33) -> NA | N25: =IF(OR(entrada!N33=0,entrada!N33=""),"",entrada!N33) -> NA | O25: =IF(OR(entrada!O33=0,entrada!O33=""),"",entrada!O33) -> NA | P25: =IF(OR(entrada!P33=0,entrada!P33=""),"",entrada!P33) | Q25: =IF(OR(entrada!Q33=0,entrada!Q33=""),"",entrada!Q33) | R25: =IF(OR(entrada!R33=0,entrada!R33=""),"",entrada!R33) | ... X25: =IF(OR(entrada!X33=0,entrada!X33=""),"",entrada!X33)
B26: =IF(OR(entrada!B34=0,entrada!B34=""),"",entrada!B34) -> Micronutrientes: Unicamente micronutrientes | C26: =IF(OR(entrada!C34=0,entrada!C34=""),"",entrada!C34) | D26: =IF(OR(entrada!D34=0,entrada!D34=""),"",entrada!D34) | E26: =IF(OR(entrada!E34=0,entrada!E34=""),"",entrada!E34) | F26: =IF(OR(entrada!F34=0,entrada!F34=""),"",entrada!F34) | K26: =IF(OR(entrada!K34=0,entrada!K34=""),"",entrada!K34) | L26: =IF(OR(entrada!L34=0,entrada!L34=""),"",entrada!L34) | M26: =IF(OR(entrada!M34=0,entrada!M34=""),"",entrada!M34) | N26: =IF(OR(entrada!N34=0,entrada!N34=""),"",entrada!N34) | O26: =IF(OR(entrada!O34=0,entrada!O34=""),"",entrada!O34) | P26: =IF(OR(entrada!P34=0,entrada!P34=""),"",entrada!P34) | Q26: =IF(OR(entrada!Q34=0,entrada!Q34=""),"",entrada!Q34) | R26: =IF(OR(entrada!R34=0,entrada!R34=""),"",entrada!R34) | ... X26: =IF(OR(entrada!X34=0,entrada!X34=""),"",entrada!X34)
B27: =IF(OR(entrada!B35=0,entrada!B35=""),"",entrada!B35) -> Micronutrientes: Mezcla con NPK o secundarios | C27: =IF(OR(entrada!C35=0,entrada!C35=""),"",entrada!C35) | D27: =IF(OR(entrada!D35=0,entrada!D35=""),"",entrada!D35) | E27: =IF(OR(entrada!E35=0,entrada!E35=""),"",entrada!E35) | F27: =IF(OR(entrada!F35=0,entrada!F35=""),"",entrada!F35) | K27: =IF(OR(entrada!K35=0,entrada!K35=""),"",entrada!K35) | L27: =IF(OR(entrada!L35=0,entrada!L35=""),"",entrada!L35) | M27: =IF(OR(entrada!M35=0,entrada!M35=""),"",entrada!M35) | N27: =IF(OR(entrada!N35=0,entrada!N35=""),"",entrada!N35) | O27: =IF(OR(entrada!O35=0,entrada!O35=""),"",entrada!O35) | P27: =IF(OR(entrada!P35=0,entrada!P35=""),"",entrada!P35) -> SI | Q27: =IF(OR(entrada!Q35=0,entrada!Q35=""),"",entrada!Q35) | R27: =IF(OR(entrada!R35=0,entrada!R35=""),"",entrada!R35) -> SI | ... X27: =IF(OR(entrada!X35=0,entrada!X35=""),"",entrada!X35)
B28: =IF(OR(entrada!B36=0,entrada!B36=""),"",entrada!B36) -> *1 Resolución ICA 150 de 2003 ANEXO 11 | C28: =IF(OR(entrada!C36=0,entrada!C36=""),"",entrada!C36) | D28: =IF(OR(entrada!D36=0,entrada!D36=""),"",entrada!D36) | E28: =IF(OR(entrada!E36=0,entrada!E36=""),"",entrada!E36) | F28: =IF(OR(entrada!F36=0,entrada!F36=""),"",entrada!F36) | G28: =IF(OR(entrada!G36=0,entrada!G36=""),"",entrada!G36) | H28: =IF(OR(entrada!H36=0,entrada!H36=""),"",entrada!H36) | I28: =IF(OR(entrada!I36=0,entrada!I36=""),"",entrada!I36) | ... X28: =IF(OR(entrada!X36=0,entrada!X36=""),"",entrada!X36)
B29: =IF(OR(entrada!B37=0,entrada!B37=""),"",entrada!B37) | C29: =IF(OR(entrada!C37=0,entrada!C37=""),"",entrada!C37) | D29: =IF(OR(entrada!D37=0,entrada!D37=""),"",entrada!D37) | E29: =IF(OR(entrada!E37=0,entrada!E37=""),"",entrada!E37) | F29: =IF(OR(entrada!F37=0,entrada!F37=""),"",entrada!F37) | G29: =IF(OR(entrada!G37=0,entrada!G37=""),"",entrada!G37) | H29: =IF(OR(entrada!H37=0,entrada!H37=""),"",entrada!H37) | I29: =IF(OR(entrada!I37=0,entrada!I37=""),"",entrada!I37) | ... X29: =IF(OR(entrada!X37=0,entrada!X37=""),"",entrada!X37)
B30: =IF(OR(entrada!B38=0,entrada!B38=""),"",entrada!B38) -> TOLERANCIAS*2 | C30: =IF(OR(entrada!C38=0,entrada!C38=""),"",entrada!C38) | D30: =IF(OR(entrada!D38=0,entrada!D38=""),"",entrada!D38) | E30: =IF(OR(entrada!E38=0,entrada!E38=""),"",entrada!E38) | F30: =IF(OR(entrada!F38=0,entrada!F38=""),"",entrada!F38) | G30: =IF(OR(entrada!G38=0,entrada!G38=""),"",entrada!G38) | H30: =IF(OR(entrada!H38=0,entrada!H38=""),"",entrada!H38) | I30: =IF(OR(entrada!I38=0,entrada!I38=""),"",entrada!I38) | ... X30: =IF(OR(entrada!X38=0,entrada!X38=""),"",entrada!X38)
B31: =IF(OR(entrada!B39=0,entrada!B39=""),"",entrada!B39) -> Calculo | C31: =IF(OR(entrada!C39=0,entrada!C39=""),"",entrada!C39) | D31: =IF(OR(entrada!D39=0,entrada!D39=""),"",entrada!D39) | E31: =IF(OR(entrada!E39=0,entrada!E39=""),"",entrada!E39) | F31: =IF(OR(entrada!F39=0,entrada!F39=""),"",entrada!F39) | G31: =IF(OR(entrada!G39=0,entrada!G39=""),"",entrada!G39) | H31: =IF(OR(entrada!H39=0,entrada!H39=""),"",entrada!H39) | I31: =IF(OR(entrada!I39=0,entrada!I39=""),"",entrada!I39) | ... X31: =IF(OR(entrada!X39=0,entrada!X39=""),"",entrada!X39)
B32: =IF(OR(entrada!B40=0,entrada!B40=""),"",entrada!B40) -> NPK ¿El contenido está fuera de rango [4%-32%]?*3 | C32: =IF(OR(entrada!C40=0,entrada!C40=""),"",entrada!C40) | D32: =IF(OR(entrada!D40=0,entrada!D40=""),"",entrada!D40) | E32: =IF(OR(entrada!E40=0,entrada!E40=""),"",entrada!E40) | F32: =IF(OR(entrada!F40=0,entrada!F40=""),"",entrada!F40) | I32: =IF(OR(entrada!I40=0,entrada!I40=""),"",entrada!I40) | K32: =IF(OR(entrada!K40=0,entrada!K40=""),"",entrada!K40) | L32: =IF(OR(entrada!L40=0,entrada!L40=""),"",entrada!L40) -> NO | M32: =IF(OR(entrada!M40=0,entrada!M40=""),"",entrada!M40) -> 0.024129 | N32: =IF(OR(entrada!N40=0,entrada!N40=""),"",entrada!N40) -> 0.0121875 | O32: =IF(OR(entrada!O40=0,entrada!O40=""),"",entrada!O40) -> 0.00774 | P32: =IF(OR(entrada!P40=0,entrada!P40=""),"",entrada!P40) -> 0.00355 | Q32: =IF(OR(entrada!Q40=0,entrada!Q40=""),"",entrada!Q40) | R32: =IF(OR(entrada!R40=0,entrada!R40=""),"",entrada!R40) -> 0.00165 | ... X32: =IF(OR(entrada!X40=0,entrada!X40=""),"",entrada!X40)
B33: =IF(OR(entrada!B41=0,entrada!B41=""),"",entrada!B41) -> Secundarios y menores ¿La tolerancia supera el 50% o 1.5pp?*4 | C33: =IF(OR(entrada!C41=0,entrada!C41=""),"",entrada!C41) | D33: =IF(OR(entrada!D41=0,entrada!D41=""),"",entrada!D41) | E33: =IF(OR(entrada!E41=0,entrada!E41=""),"",entrada!E41) | F33: =IF(OR(entrada!F41=0,entrada!F41=""),"",entrada!F41) | K33: =IF(OR(entrada!K41=0,entrada!K41=""),"",entrada!K41) | L33: =IF(OR(entrada!L41=0,entrada!L41=""),"",entrada!L41) | M33: =IF(OR(entrada!M41=0,entrada!M41=""),"",entrada!M41) -> SI | N33: =IF(OR(entrada!N41=0,entrada!N41=""),"",entrada!N41) -> NO | O33: =IF(OR(entrada!O41=0,entrada!O41=""),"",entrada!O41) -> NO | P33: =IF(OR(entrada!P41=0,entrada!P41=""),"",entrada!P41) -> NO | Q33: =IF(OR(entrada!Q41=0,entrada!Q41=""),"",entrada!Q41) | R33: =IF(OR(entrada!R41=0,entrada!R41=""),"",entrada!R41) -> NO | ... X33: =IF(OR(entrada!X41=0,entrada!X41=""),"",entrada!X41)
B34: =IF(OR(entrada!B42=0,entrada!B42=""),"",entrada!B42) -> Tolerancia permitida | C34: =IF(OR(entrada!C42=0,entrada!C42=""),"",entrada!C42) | D34: =IF(OR(entrada!D42=0,entrada!D42=""),"",entrada!D42) | E34: =IF(OR(entrada!E42=0,entrada!E42=""),"",entrada!E42) | F34: =IF(OR(entrada!F42=0,entrada!F42=""),"",entrada!F42) | G34: =IF(OR(entrada!G42=0,entrada!G42=""),"",entrada!G42) | H34: =IF(OR(entrada!H42=0,entrada!H42=""),"",entrada!H42) | I34: =IF(OR(entrada!I42=0,entrada!I42=""),"",entrada!I42) | ... X34: =IF(OR(entrada!X42=0,entrada!X42=""),"",entrada!X42)
B35: =IF(OR(entrada!B43=0,entrada!B43=""),"",entrada!B43) -> *2 NTC 1061:2020 ALCANCE: no aplica para organicos | C35: =IF(OR(entrada!C43=0,entrada!C43=""),"",entrada!C43) | D35: =IF(OR(entrada!D43=0,entrada!D43=""),"",entrada!D43) | E35: =IF(OR(entrada!E43=0,entrada!E43=""),"",entrada!E43) | F35: =IF(OR(entrada!F43=0,entrada!F43=""),"",entrada!F43) | G35: =IF(OR(entrada!G43=0,entrada!G43=""),"",entrada!G43) | H35: =IF(OR(entrada!H43=0,entrada!H43=""),"",entrada!H43) | I35: =IF(OR(entrada!I43=0,entrada!I43=""),"",entrada!I43) | ... X35: =IF(OR(entrada!X43=0,entrada!X43=""),"",entrada!X43)
B36: =IF(OR(entrada!B44=0,entrada!B44=""),"",entrada!B44) -> *3 NTC 1061:2020 4.1 | C36: =IF(OR(entrada!C44=0,entrada!C44=""),"",entrada!C44) | D36: =IF(OR(entrada!D44=0,entrada!D44=""),"",entrada!D44) | E36: =IF(OR(entrada!E44=0,entrada!E44=""),"",entrada!E44) | F36: =IF(OR(entrada!F44=0,entrada!F44=""),"",entrada!F44) | G36: =IF(OR(entrada!G44=0,entrada!G44=""),"",entrada!G44) | H36: =IF(OR(entrada!H44=0,entrada!H44=""),"",entrada!H44) | I36: =IF(OR(entrada!I44=0,entrada!I44=""),"",entrada!I44) | ... X36: =IF(OR(entrada!X44=0,entrada!X44=""),"",entrada!X44)
B37: =IF(OR(entrada!B45=0,entrada!B45=""),"",entrada!B45) -> *4 NTC 1061:2020 4.2.1 - 4.2.2 | C37: =IF(OR(entrada!C45=0,entrada!C45=""),"",entrada!C45) | D37: =IF(OR(entrada!D45=0,entrada!D45=""),"",entrada!D45) | E37: =IF(OR(entrada!E45=0,entrada!E45=""),"",entrada!E45) | F37: =IF(OR(entrada!F45=0,entrada!F45=""),"",entrada!F45) | G37: =IF(OR(entrada!G45=0,entrada!G45=""),"",entrada!G45) | H37: =IF(OR(entrada!H45=0,entrada!H45=""),"",entrada!H45) | I37: =IF(OR(entrada!I45=0,entrada!I45=""),"",entrada!I45) | ... X37: =IF(OR(entrada!X45=0,entrada!X45=""),"",entrada!X45)
B38: =IF(OR(entrada!B46=0,entrada!B46=""),"",entrada!B46) | C38: =IF(OR(entrada!C46=0,entrada!C46=""),"",entrada!C46) | D38: =IF(OR(entrada!D46=0,entrada!D46=""),"",entrada!D46) | E38: =IF(OR(entrada!E46=0,entrada!E46=""),"",entrada!E46) | F38: =IF(OR(entrada!F46=0,entrada!F46=""),"",entrada!F46) | G38: =IF(OR(entrada!G46=0,entrada!G46=""),"",entrada!G46) | H38: =IF(OR(entrada!H46=0,entrada!H46=""),"",entrada!H46) | I38: =IF(OR(entrada!I46=0,entrada!I46=""),"",entrada!I46) | ... X38: =IF(OR(entrada!X46=0,entrada!X46=""),"",entrada!X46)
B39: =IF(OR(entrada!B47=0,entrada!B47=""),"",entrada!B47) -> Tolerancia Mínima NTC | C39: =IF(OR(entrada!C47=0,entrada!C47=""),"",entrada!C47) | D39: =IF(OR(entrada!D47=0,entrada!D47=""),"",entrada!D47) | E39: =IF(OR(entrada!E47=0,entrada!E47=""),"",entrada!E47) | F39: =IF(OR(entrada!F47=0,entrada!F47=""),"",entrada!F47) | K39: =IF(OR(entrada!K47=0,entrada!K47=""),"",entrada!K47) | L39: =IF(OR(entrada!L47=0,entrada!L47=""),"",entrada!L47) -> 0.063631669 | M39: =IF(OR(entrada!M47=0,entrada!M47=""),"",entrada!M47) -> 0.1748 | N39: =IF(OR(entrada!N47=0,entrada!N47=""),"",entrada!N47) -> 0.0425 | O39: =IF(OR(entrada!O47=0,entrada!O47=""),"",entrada!O47) -> 0.0482 | P39: =IF(OR(entrada!P47=0,entrada!P47=""),"",entrada!P47) -> -0.001 | Q39: =IF(OR(entrada!Q47=0,entrada!Q47=""),"",entrada!Q47) | R39: =IF(OR(entrada!R47=0,entrada!R47=""),"",entrada!R47) -> -0.01 | ... X39: =IF(OR(entrada!X47=0,entrada!X47=""),"",entrada!X47)
B40: =IF(OR(entrada!B48=0,entrada!B48=""),"",entrada!B48) -> SOLICITUD DE REGISTRO ICA: MATERIA PRIMA | C40: =IF(OR(entrada!C48=0,entrada!C48=""),"",entrada!C48) | D40: =IF(OR(entrada!D48=0,entrada!D48=""),"",entrada!D48) | E40: =IF(OR(entrada!E48=0,entrada!E48=""),"",entrada!E48) | F40: =IF(OR(entrada!F48=0,entrada!F48=""),"",entrada!F48) | K40: =IF(OR(entrada!K48=0,entrada!K48=""),"",entrada!K48) | L40: =IF(OR(entrada!L48=0,entrada!L48=""),"",entrada!L48) -> 0.0728 | M40: =IF(OR(entrada!M48=0,entrada!M48=""),"",entrada!M48) -> 0.1898 | N40: =IF(OR(entrada!N48=0,entrada!N48=""),"",entrada!N48) -> 0.0575 | O40: =IF(OR(entrada!O48=0,entrada!O48=""),"",entrada!O48) -> 0.0632 | P40: =IF(OR(entrada!P48=0,entrada!P48=""),"",entrada!P48) -> 0.014 | Q40: =IF(OR(entrada!Q48=0,entrada!Q48=""),"",entrada!Q48) | R40: =IF(OR(entrada!R48=0,entrada!R48=""),"",entrada!R48) -> 0.005 | ... X40: =IF(OR(entrada!X48=0,entrada!X48=""),"",entrada!X48)
B41: =IF(OR(entrada!B49=0,entrada!B49=""),"",entrada!B49) -> Tolerancia Máxima NTC | C41: =IF(OR(entrada!C49=0,entrada!C49=""),"",entrada!C49) | D41: =IF(OR(entrada!D49=0,entrada!D49=""),"",entrada!D49) | E41: =IF(OR(entrada!E49=0,entrada!E49=""),"",entrada!E49) | F41: =IF(OR(entrada!F49=0,entrada!F49=""),"",entrada!F49) | K41: =IF(OR(entrada!K49=0,entrada!K49=""),"",entrada!K49) | L41: =IF(OR(entrada!L49=0,entrada!L49=""),"",entrada!L49) -> 0.081968331 | M41: =IF(OR(entrada!M49=0,entrada!M49=""),"",entrada!M49) -> 0.2048 | N41: =IF(OR(entrada!N49=0,entrada!N49=""),"",entrada!N49) -> 0.0725 | O41: =IF(OR(entrada!O49=0,entrada!O49=""),"",entrada!O49) -> 0.0782 | P41: =IF(OR(entrada!P49=0,entrada!P49=""),"",entrada!P49) -> 0.029 | Q41: =IF(OR(entrada!Q49=0,entrada!Q49=""),"",entrada!Q49) | R41: =IF(OR(entrada!R49=0,entrada!R49=""),"",entrada!R49) -> 0.02 | ... X41: =IF(OR(entrada!X49=0,entrada!X49=""),"",entrada!X49)
B42: =IF(OR(entrada!B50=0,entrada!B50=""),"",entrada!B50) | C42: =IF(OR(entrada!C50=0,entrada!C50=""),"",entrada!C50) | D42: =IF(OR(entrada!D50=0,entrada!D50=""),"",entrada!D50) | E42: =IF(OR(entrada!E50=0,entrada!E50=""),"",entrada!E50) | F42: =IF(OR(entrada!F50=0,entrada!F50=""),"",entrada!F50) | G42: =IF(OR(entrada!G50=0,entrada!G50=""),"",entrada!G50) | H42: =IF(OR(entrada!H50=0,entrada!H50=""),"",entrada!H50) | I42: =IF(OR(entrada!I50=0,entrada!I50=""),"",entrada!I50) | ... X42: =IF(OR(entrada!X50=0,entrada!X50=""),"",entrada!X50)
B43: =IF(OR(entrada!B53=0,entrada!B53=""),"",entrada!B53) | C43: =IF(OR(entrada!C53=0,entrada!C53=""),"",entrada!C53) | D43: =IF(OR(entrada!D53=0,entrada!D53=""),"",entrada!D53) | E43: =IF(OR(entrada!E53=0,entrada!E53=""),"",entrada!E53) | F43: =IF(OR(entrada!F53=0,entrada!F53=""),"",entrada!F53) | G43: =IF(OR(entrada!G53=0,entrada!G53=""),"",entrada!G53) | H43: =IF(OR(entrada!H53=0,entrada!H53=""),"",entrada!H53) | I43: =IF(OR(entrada!I53=0,entrada!I53=""),"",entrada!I53) | ... X43: =IF(OR(entrada!X53=0,entrada!X53=""),"",entrada!X53)

Sheet salida
E2: BALANCE DE MATERIAS PRIMAS | L2: ##
E3: SISTEMA DE GESTION INTEGRAL | L3: ##
B6: FORMULACION: | C6: BZINC-15
B8: =IF(OR(entrada!B17=0,entrada!B17=""),"",entrada!B17) -> MATERIA PRIMA | C8: =IF(OR(entrada!C17=0,entrada!C17=""),"",entrada!C17) -> kg / Ton | D8: =IF(OR(entrada!D17=0,entrada!D17=""),"",entrada!D17) -> %/100 kg | E8: =IF(OR(entrada!L17=0,entrada!L17=""),"",entrada!L17) -> Potasio soluble K2O | F8: =IF(OR(entrada!M17=0,entrada!M17=""),"",entrada!M17) -> Calcio CaO | G8: =IF(OR(entrada!N17=0,entrada!N17=""),"",entrada!N17) -> Magnesio MgO | H8: =IF(OR(entrada!O17=0,entrada!O17=""),"",entrada!O17) -> Azufre S | I8: =IF(OR(entrada!P17=0,entrada!P17=""),"",entrada!P17) -> Boro B | J8: =IF(OR(entrada!Q17=0,entrada!Q17=""),"",entrada!Q17) -> Cobalto Co | K8: =IF(OR(entrada!R17=0,entrada!R17=""),"",entrada!R17) -> Cobre Cu | L8: =IF(OR(entrada!V17=0,entrada!V17=""),"",entrada!V17) -> Silicio SiO2 | M8: =IF(OR(entrada!W17=0,entrada!W17=""),"",entrada!W17) -> Zinc Zn
B9: =IF(OR(entrada!B18=0,entrada!B18=""),"",entrada!B18) -> DOLOMITA | C9: =IF(OR(entrada!C18=0,entrada!C18=""),"",entrada!C18) -> 60 | D9: =IF(OR(entrada!D18=0,entrada!D18=""),"",entrada!D18) -> 6 | E9: =IF(OR(entrada!L18=0,entrada!L18=""),"",entrada!L18) | F9: =IF(OR(entrada!M18=0,entrada!M18=""),"",entrada!M18) | G9: =IF(OR(entrada!N18=0,entrada!N18=""),"",entrada!N18) -> 0.0125 | H9: =IF(OR(entrada!O18=0,entrada!O18=""),"",entrada!O18) -> 0.01 | I9: =IF(OR(entrada!P18=0,entrada!P18=""),"",entrada!P18) | J9: =IF(OR(entrada!Q18=0,entrada!Q18=""),"",entrada!Q18) | K9: =IF(OR(entrada!R18=0,entrada!R18=""),"",entrada!R18) | L9: =IF(OR(entrada!V18=0,entrada!V18=""),"",entrada!V18) | M9: =IF(OR(entrada!W18=0,entrada!W18=""),"",entrada!W18)
B10: =IF(OR(entrada!B19=0,entrada!B19=""),"",entrada!B19) -> KIESERITA | C10: =IF(OR(entrada!C19=0,entrada!C19=""),"",entrada!C19) -> 50 | D10: =IF(OR(entrada!D19=0,entrada!D19=""),"",entrada!D19) -> 5 | E10: =IF(OR(entrada!L19=0,entrada!L19=""),"",entrada!L19) -> 0.0728 | F10: =IF(OR(entrada!M19=0,entrada!M19=""),"",entrada!M19) -> 0.104 | G10: =IF(OR(entrada!N19=0,entrada!N19=""),"",entrada!N19) | H10: =IF(OR(entrada!O19=0,entrada!O19=""),"",entrada!O19) | I10: =IF(OR(entrada!P19=0,entrada!P19=""),"",entrada!P19) | J10: =IF(OR(entrada!Q19=0,entrada!Q19=""),"",entrada!Q19) | K10: =IF(OR(entrada!R19=0,entrada!R19=""),"",entrada!R19) | L10: =IF(OR(entrada!V19=0,entrada!V19=""),"",entrada!V19) -> 0.028496 | M10: =IF(OR(entrada!W19=0,entrada!W19=""),"",entrada!W19)
B11: =IF(OR(entrada!B20=0,entrada!B20=""),"",entrada!B20) -> ROCA FOSFORICA | C11: =IF(OR(entrada!C20=0,entrada!C20=""),"",entrada!C20) -> 260 | D11: =IF(OR(entrada!D20=0,entrada!D20=""),"",entrada!D20) -> 26 | E11: =IF(OR(entrada!L20=0,entrada!L20=""),"",entrada!L20) | F11: =IF(OR(entrada!M20=0,entrada!M20=""),"",entrada!M20) | G11: =IF(OR(entrada!N20=0,entrada!N20=""),"",entrada!N20) -> 0.045 | H11: =IF(OR(entrada!O20=0,entrada!O20=""),"",entrada!O20) | I11: =IF(OR(entrada!P20=0,entrada!P20=""),"",entrada!P20) | J11: =IF(OR(entrada!Q20=0,entrada!Q20=""),"",entrada!Q20) | K11: =IF(OR(entrada!R20=0,entrada!R20=""),"",entrada!R20) | L11: =IF(OR(entrada!V20=0,entrada!V20=""),"",entrada!V20) -> 0.0465 | M11: =IF(OR(entrada!W20=0,entrada!W20=""),"",entrada!W20)
B12: =IF(OR(entrada!B21=0,entrada!B21=""),"",entrada!B21) -> SILICATO MG | C12: =IF(OR(entrada!C21=0,entrada!C21=""),"",entrada!C21) -> 150 | D12: =IF(OR(entrada!D21=0,entrada!D21=""),"",entrada!D21) -> 15 | E12: =IF(OR(entrada!L21=0,entrada!L21=""),"",entrada!L21) | F12: =IF(OR(entrada!M21=0,entrada!M21=""),"",entrada!M21) -> 0.0728 | G12: =IF(OR(entrada!N21=0,entrada!N21=""),"",entrada!N21) | H12: =IF(OR(entrada!O21=0,entrada!O21=""),"",entrada!O21) -> 0.0364 | I12: =IF(OR(entrada!P21=0,entrada!P21=""),"",entrada!P21) | J12: =IF(OR(entrada!Q21=0,entrada!Q21=""),"",entrada!Q21) | K12: =IF(OR(entrada!R21=0,entrada!R21=""),"",entrada!R21) | L12: =IF(OR(entrada!V21=0,entrada!V21=""),"",entrada!V21) | M12: =IF(OR(entrada!W21=0,entrada!W21=""),"",entrada!W21)
B13: =IF(OR(entrada!B22=0,entrada!B22=""),"",entrada!B22) -> SULFATO CA | C13: =IF(OR(entrada!C22=0,entrada!C22=""),"",entrada!C22) -> 280 | D13: =IF(OR(entrada!D22=0,entrada!D22=""),"",entrada!D22) -> 28 | E13: =IF(OR(entrada!L22=0,entrada!L22=""),"",entrada!L22) | F13: =IF(OR(entrada!M22=0,entrada!M22=""),"",entrada!M22) | G13: =IF(OR(entrada!N22=0,entrada!N22=""),"",entrada!N22) | H13: =IF(OR(entrada!O22=0,entrada!O22=""),"",entrada!O22) -> 0.0024 | I13: =IF(OR(entrada!P22=0,entrada!P22=""),"",entrada!P22) | J13: =IF(OR(entrada!Q22=0,entrada!Q22=""),"",entrada!Q22) | K13: =IF(OR(entrada!R22=0,entrada!R22=""),"",entrada!R22) -> 0.005 | L13: =IF(OR(entrada!V22=0,entrada!V22=""),"",entrada!V22) | M13: =IF(OR(entrada!W22=0,entrada!W22=""),"",entrada!W22)
B14: =IF(OR(entrada!B23=0,entrada!B23=""),"",entrada!B23) -> SULFATO COBRE | C14: =IF(OR(entrada!C23=0,entrada!C23=""),"",entrada!C23) -> 20 | D14: =IF(OR(entrada!D23=0,entrada!D23=""),"",entrada!D23) -> 2 | E14: =IF(OR(entrada!L23=0,entrada!L23=""),"",entrada!L23) | F14: =IF(OR(entrada!M23=0,entrada!M23=""),"",entrada!M23) | G14: =IF(OR(entrada!N23=0,entrada!N23=""),"",entrada!N23) | H14: =IF(OR(entrada!O23=0,entrada!O23=""),"",entrada!O23) -> 0.0144 | I14: =IF(OR(entrada!P23=0,entrada!P23=""),"",entrada!P23) | J14: =IF(OR(entrada!Q23=0,entrada!Q23=""),"",entrada!Q23) | K14: =IF(OR(entrada!R23=0,entrada!R23=""),"",entrada!R23) | L14: =IF(OR(entrada!V23=0,entrada!V23=""),"",entrada!V23) | M14: =IF(OR(entrada!W23=0,entrada!W23=""),"",entrada!W23) -> 0.028
B15: =IF(OR(entrada!B24=0,entrada!B24=""),"",entrada!B24) -> SULFATO ZINC 35% | C15: =IF(OR(entrada!C24=0,entrada!C24=""),"",entrada!C24) -> 80 | D15: =IF(OR(entrada!D24=0,entrada!D24=""),"",entrada!D24) -> 8 | E15: =IF(OR(entrada!L24=0,entrada!L24=""),"",entrada!L24) | F15: =IF(OR(entrada!M24=0,entrada!M24=""),"",entrada!M24) -> 0.013 | G15: =IF(OR(entrada!N24=0,entrada!N24=""),"",entrada!N24) | H15: =IF(OR(entrada!O24=0,entrada!O24=""),"",entrada!O24) | I15: =IF(OR(entrada!P24=0,entrada!P24=""),"",entrada!P24) -> 0.014 | J15: =IF(OR(entrada!Q24=0,entrada!Q24=""),"",entrada!Q24) | K15: =IF(OR(entrada!R24=0,entrada!R24=""),"",entrada!R24) | L15: =IF(OR(entrada!V24=0,entrada!V24=""),"",entrada!V24) -> 0.00149 | M15: =IF(OR(entrada!W24=0,entrada!W24=""),"",entrada!W24)
B16: ADITIVOS
B18: =IF(OR(entrada!B27=0,entrada!B27=""),"",entrada!B27) -> TOTAL | C18: =IF(OR(entrada!C26=0,entrada!C26=""),"",entrada!C26) -> 1000 | D18: =IF(OR(entrada!D26=0,entrada!D26=""),"",entrada!D26) -> 100 | E18: =IF(OR(entrada!L27=0,entrada!L27=""),"",entrada!L27) -> 0.0728 | F18: =IF(OR(entrada!M27=0,entrada!M27=""),"",entrada!M27) -> 0.1898 | G18: =IF(OR(entrada!N27=0,entrada!N27=""),"",entrada!N27) -> 0.0575 | H18: =IF(OR(entrada!O27=0,entrada!O27=""),"",entrada!O27) -> 0.0632 | I18: =IF(OR(entrada!P27=0,entrada!P27=""),"",entrada!P27) -> 0.014 | J18: =IF(OR(entrada!Q27=0,entrada!Q27=""),"",entrada!Q27) | K18: =IF(OR(entrada!R27=0,entrada!R27=""),"",entrada!R27) -> 0.005 | L18: =IF(OR(entrada!V27=0,entrada!V27=""),"",entrada!V27) -> 0.076486 | M18: =IF(OR(entrada!W27=0,entrada!W27=""),"",entrada!W27) -> 0.028
B19: =IF(OR(entrada!B28=0,entrada!B28=""),"",entrada!B28) | C19: =IF(OR(entrada!C28=0,entrada!C28=""),"",entrada!C28) | D19: =IF(OR(entrada!D28=0,entrada!D28=""),"",entrada!D28)
B20: =IF(OR(entrada!B29=0,entrada!B29=""),"",entrada!B29) -> CERTIFICADO DE ANALISIS | C20: =IF(OR(entrada!C29=0,entrada!C29=""),"",entrada!C29) | D20: =IF(OR(entrada!D29=0,entrada!D29=""),"",entrada!D29) | E20: =IF(OR(entrada!L29=0,entrada!L29=""),"",entrada!L29) | F20: =IF(OR(entrada!M29=0,entrada!M29=""),"",entrada!M29) | G20: =IF(OR(entrada!N29=0,entrada!N29=""),"",entrada!N29) | H20: =IF(OR(entrada!O29=0,entrada!O29=""),"",entrada!O29) | I20: =IF(OR(entrada!P29=0,entrada!P29=""),"",entrada!P29) | J20: =IF(OR(entrada!Q29=0,entrada!Q29=""),"",entrada!Q29) | K20: =IF(OR(entrada!R29=0,entrada!R29=""),"",entrada!R29) | L20: =IF(OR(entrada!V29=0,entrada!V29=""),"",entrada!V29) | M20: =IF(OR(entrada!W29=0,entrada!W29=""),"",entrada!W29)
B21: =IF(OR(entrada!B30=0,entrada!B30=""),"",entrada!B30) | C21: =IF(OR(entrada!C30=0,entrada!C30=""),"",entrada!C30) | D21: =IF(OR(entrada!D30=0,entrada!D30=""),"",entrada!D30) | E21: =IF(OR(entrada!L30=0,entrada!L30=""),"",entrada!L30) | F21: =IF(OR(entrada!M30=0,entrada!M30=""),"",entrada!M30) | G21: =IF(OR(entrada!N30=0,entrada!N30=""),"",entrada!N30) | H21: =IF(OR(entrada!O30=0,entrada!O30=""),"",entrada!O30) | I21: =IF(OR(entrada!P30=0,entrada!P30=""),"",entrada!P30) | J21: =IF(OR(entrada!Q30=0,entrada!Q30=""),"",entrada!Q30) | K21: =IF(OR(entrada!R30=0,entrada!R30=""),"",entrada!R30) | L21: =IF(OR(entrada!V30=0,entrada!V30=""),"",entrada!V30) | M21: =IF(OR(entrada!W30=0,entrada!W30=""),"",entrada!W30)
B22: =IF(OR(entrada!B31=0,entrada!B31=""),"",entrada!B31) -> CONTENIDOS MINIMOS*1 | E22: =IF(OR(entrada!L31=0,entrada!L31=""),"",entrada!L31) | F22: =IF(OR(entrada!M31=0,entrada!M31=""),"",entrada!M31) | G22: =IF(OR(entrada!N31=0,entrada!N31=""),"",entrada!N31) | H22: =IF(OR(entrada!O31=0,entrada!O31=""),"",entrada!O31) | I22: =IF(OR(entrada!P31=0,entrada!P31=""),"",entrada!P31) | J22: =IF(OR(entrada!Q31=0,entrada!Q31=""),"",entrada!Q31) | K22: =IF(OR(entrada!R31=0,entrada!R31=""),"",entrada!R31) | L22: =IF(OR(entrada!V31=0,entrada!V31=""),"",entrada!V31) | M22: =IF(OR(entrada!W31=0,entrada!W31=""),"",entrada!W31)
B23: =IF(OR(entrada!B32=0,entrada!B32=""),"",entrada!B32) -> NPK (Formula sola o en mezcla con micronutrientes) | C23: =IF(OR(entrada!C32=0,entrada!C32=""),"",entrada!C32) | D23: =IF(OR(entrada!D32=0,entrada!D32=""),"",entrada!D32) | E23: =IF(OR(entrada!L32=0,entrada!L32=""),"",entrada!L32) -> NO | F23: =IF(OR(entrada!M32=0,entrada!M32=""),"",entrada!M32) | G23: =IF(OR(entrada!N32=0,entrada!N32=""),"",entrada!N32) | H23: =IF(OR(entrada!O32=0,entrada!O32=""),"",entrada!O32) | I23: =IF(OR(entrada!P32=0,entrada!P32=""),"",entrada!P32) | J23: =IF(OR(entrada!Q32=0,entrada!Q32=""),"",entrada!Q32) | K23: =IF(OR(entrada!R32=0,entrada!R32=""),"",entrada!R32) | L23: =IF(OR(entrada!V32=0,entrada!V32=""),"",entrada!V32) | M23: =IF(OR(entrada!W32=0,entrada!W32=""),"",entrada!W32)
B24: =IF(OR(entrada!B33=0,entrada!B33=""),"",entrada!B33) -> Secundarios (Formula UNICAMENTE con Ca, Mg, S) | C24: =IF(OR(entrada!C33=0,entrada!C33=""),"",entrada!C33) | D24: =IF(OR(entrada!D33=0,entrada!D33=""),"",entrada!D33) | E24: =IF(OR(entrada!L33=0,entrada!L33=""),"",entrada!L33) | F24: =IF(OR(entrada!M33=0,entrada!M33=""),"",entrada!M33) -> NA | G24: =IF(OR(entrada!N33=0,entrada!N33=""),"",entrada!N33) -> NA | H24: =IF(OR(entrada!O33=0,entrada!O33=""),"",entrada!O33) -> NA | I24: =IF(OR(entrada!P33=0,entrada!P33=""),"",entrada!P33) | J24: =IF(OR(entrada!Q33=0,entrada!Q33=""),"",entrada!Q33) | K24: =IF(OR(entrada!R33=0,entrada!R33=""),"",entrada!R33) | L24: =IF(OR(entrada!V33=0,entrada!V33=""),"",entrada!V33) | M24: =IF(OR(entrada!W33=0,entrada!W33=""),"",entrada!W33)
B25: =IF(OR(entrada!B34=0,entrada!B34=""),"",entrada!B34) -> Micronutrientes: Unicamente micronutrientes | C25: =IF(OR(entrada!C34=0,entrada!C34=""),"",entrada!C34) | D25: =IF(OR(entrada!D34=0,entrada!D34=""),"",entrada!D34) | E25: =IF(OR(entrada!L34=0,entrada!L34=""),"",entrada!L34) | F25: =IF(OR(entrada!M34=0,entrada!M34=""),"",entrada!M34) | G25: =IF(OR(entrada!N34=0,entrada!N34=""),"",entrada!N34) | H25: =IF(OR(entrada!O34=0,entrada!O34=""),"",entrada!O34) | I25: =IF(OR(entrada!P34=0,entrada!P34=""),"",entrada!P34) | J25: =IF(OR(entrada!Q34=0,entrada!Q34=""),"",entrada!Q34) | K25: =IF(OR(entrada!R34=0,entrada!R34=""),"",entrada!R34) | L25: =IF(OR(entrada!V34=0,entrada!V34=""),"",entrada!V34) | M25: =IF(OR(entrada!W34=0,entrada!W34=""),"",entrada!W34)
B26: =IF(OR(entrada!B35=0,entrada!B35=""),"",entrada!B35) -> Micronutrientes: Mezcla con NPK o secundarios | C26: =IF(OR(entrada!C35=0,entrada!C35=""),"",entrada!C35) | D26: =IF(OR(entrada!D35=0,entrada!D35=""),"",entrada!D35) | E26: =IF(OR(entrada!L35=0,entrada!L35=""),"",entrada!L35) | F26: =IF(OR(entrada!M35=0,entrada!M35=""),"",entrada!M35) | G26: =IF(OR(entrada!N35=0,entrada!N35=""),"",entrada!N35) | H26: =IF(OR(entrada!O35=0,entrada!O35=""),"",entrada!O35) | I26: =IF(OR(entrada!P35=0,entrada!P35=""),"",entrada!P35) -> SI | J26: =IF(OR(entrada!Q35=0,entrada!Q35=""),"",entrada!Q35) | K26: =IF(OR(entrada!R35=0,entrada!R35=""),"",entrada!R35) -> SI | L26: =IF(OR(entrada!V35=0,entrada!V35=""),"",entrada!V35) -> SI | M26: =IF(OR(entrada!W35=0,entrada!W35=""),"",entrada!W35) -> SI
B27: =IF(OR(entrada!B36=0,entrada!B36=""),"",entrada!B36) -> *1 Resolución ICA 150 de 2003 ANEXO 11 | C27: =IF(OR(entrada!C36=0,entrada!C36=""),"",entrada!C36) | D27: =IF(OR(entrada!D36=0,entrada!D36=""),"",entrada!D36) | E27: =IF(OR(entrada!L36=0,entrada!L36=""),"",entrada!L36) | F27: =IF(OR(entrada!M36=0,entrada!M36=""),"",entrada!M36) | G27: =IF(OR(entrada!N36=0,entrada!N36=""),"",entrada!N36) | H27: =IF(OR(entrada!O36=0,entrada!O36=""),"",entrada!O36) | I27: =IF(OR(entrada!P36=0,entrada!P36=""),"",entrada!P36) | J27: =IF(OR(entrada!Q36=0,entrada!Q36=""),"",entrada!Q36) | K27: =IF(OR(entrada!R36=0,entrada!R36=""),"",entrada!R36) | L27: =IF(OR(entrada!V36=0,entrada!V36=""),"",entrada!V36) | M27: =IF(OR(entrada!W36=0,entrada!W36=""),"",entrada!W36)
B28: =IF(OR(entrada!B37=0,entrada!B37=""),"",entrada!B37) | C28: =IF(OR(entrada!C37=0,entrada!C37=""),"",entrada!C37) | D28: =IF(OR(entrada!D37=0,entrada!D37=""),"",entrada!D37) | E28: =IF(OR(entrada!L37=0,entrada!L37=""),"",entrada!L37) | F28: =IF(OR(entrada!M37=0,entrada!M37=""),"",entrada!M37) | G28: =IF(OR(entrada!N37=0,entrada!N37=""),"",entrada!N37) | H28: =IF(OR(entrada!O37=0,entrada!O37=""),"",entrada!O37) | I28: =IF(OR(entrada!P37=0,entrada!P37=""),"",entrada!P37) | J28: =IF(OR(entrada!Q37=0,entrada!Q37=""),"",entrada!Q37) | K28: =IF(OR(entrada!R37=0,entrada!R37=""),"",entrada!R37) | L28: =IF(OR(entrada!V37=0,entrada!V37=""),"",entrada!V37) | M28: =IF(OR(entrada!W37=0,entrada!W37=""),"",entrada!W37)
B29: =IF(OR(entrada!B38=0,entrada!B38=""),"",entrada!B38) -> TOLERANCIAS*2 | C29: =IF(OR(entrada!C38=0,entrada!C38=""),"",entrada!C38) | D29: =IF(OR(entrada!D38=0,entrada!D38=""),"",entrada!D38) | E29: =IF(OR(entrada!L38=0,entrada!L38=""),"",entrada!L38) | F29: =IF(OR(entrada!M38=0,entrada!M38=""),"",entrada!M38) | G29: =IF(OR(entrada!N38=0,entrada!N38=""),"",entrada!N38) | H29: =IF(OR(entrada!O38=0,entrada!O38=""),"",entrada!O38) | I29: =IF(OR(entrada!P38=0,entrada!P38=""),"",entrada!P38) | J29: =IF(OR(entrada!Q38=0,entrada!Q38=""),"",entrada!Q38) | K29: =IF(OR(entrada!R38=0,entrada!R38=""),"",entrada!R38) | L29: =IF(OR(entrada!V38=0,entrada!V38=""),"",entrada!V38) | M29: =IF(OR(entrada!W38=0,entrada!W38=""),"",entrada!W38)
B30: =IF(OR(entrada!B39=0,entrada!B39=""),"",entrada!B39) -> Calculo | C30: =IF(OR(entrada!C39=0,entrada!C39=""),"",entrada!C39) | D30: =IF(OR(entrada!D39=0,entrada!D39=""),"",entrada!D39) | E30: =IF(OR(entrada!L39=0,entrada!L39=""),"",entrada!L39) -> 0.0091683312 | F30: =IF(OR(entrada!M39=0,entrada!M39=""),"",entrada!M39) | G30: =IF(OR(entrada!N39=0,entrada!N39=""),"",entrada!N39) | H30: =IF(OR(entrada!O39=0,entrada!O39=""),"",entrada!O39) | I30: =IF(OR(entrada!P39=0,entrada!P39=""),"",entrada!P39) | J30: =IF(OR(entrada!Q39=0,entrada!Q39=""),"",entrada!Q39) | K30: =IF(OR(entrada!R39=0,entrada!R39=""),"",entrada!R39) | L30: =IF(OR(entrada!V39=0,entrada!V39=""),"",entrada!V39) | M30: =IF(OR(entrada!W39=0,entrada!W39=""),"",entrada!W39)
B31: =IF(OR(entrada!B40=0,entrada!B40=""),"",entrada!B40) -> NPK ¿El contenido está fuera de rango [4%-32%]?*3 | C31: =IF(OR(entrada!C40=0,entrada!C40=""),"",entrada!C40) | D31: =IF(OR(entrada!D40=0,entrada!D40=""),"",entrada!D40) | E31: =IF(OR(entrada!L40=0,entrada!L40=""),"",entrada!L40) -> NO | F31: =IF(OR(entrada!M40=0,entrada!M40=""),"",entrada!M40) -> 0.024129 | G31: =IF(OR(entrada!N40=0,entrada!N40=""),"",entrada!N40) -> 0.0121875 | H31: =IF(OR(entrada!O40=0,entrada!O40=""),"",entrada!O40) -> 0.00774 | I31: =IF(OR(entrada!P40=0,entrada!P40=""),"",entrada!P40) -> 0.00355 | J31: =IF(OR(entrada!Q40=0,entrada!Q40=""),"",entrada!Q40) | K31: =IF(OR(entrada!R40=0,entrada!R40=""),"",entrada!R40) -> 0.00165 | L31: =IF(OR(entrada!V40=0,entrada!V40=""),"",entrada!V40) | M31: =IF(OR(entrada!W40=0,entrada!W40=""),"",entrada!W40) -> 0.00855
B32: =IF(OR(entrada!B41=0,entrada!B41=""),"",entrada!B41) -> Secundarios y menores ¿La tolerancia supera el 50% o 1.5pp?*4 | C32: =IF(OR(entrada!C41=0,entrada!C41=""),"",entrada!C41) | D32: =IF(OR(entrada!D41=0,entrada!D41=""),"",entrada!D41) | E32: =IF(OR(entrada!L41=0,entrada!L41=""),"",entrada!L41) | F32: =IF(OR(entrada!M41=0,entrada!M41=""),"",entrada!M41) -> SI | G32: =IF(OR(entrada!N41=0,entrada!N41=""),"",entrada!N41) -> NO | H32: =IF(OR(entrada!O41=0,entrada!O41=""),"",entrada!O41) -> NO | I32: =IF(OR(entrada!P41=0,entrada!P41=""),"",entrada!P41) -> NO | J32: =IF(OR(entrada!Q41=0,entrada!Q41=""),"",entrada!Q41) | K32: =IF(OR(entrada!R41=0,entrada!R41=""),"",entrada!R41) -> NO | L32: =IF(OR(entrada!V41=0,entrada!V41=""),"",entrada!V41) | M32: =IF(OR(entrada!W41=0,entrada!W41=""),"",entrada!W41) -> NO
B33: =IF(OR(entrada!B42=0,entrada!B42=""),"",entrada!B42) -> Tolerancia permitida | C33: =IF(OR(entrada!C42=0,entrada!C42=""),"",entrada!C42) | D33: =IF(OR(entrada!D42=0,entrada!D42=""),"",entrada!D42) | E33: =IF(OR(entrada!L42=0,entrada!L42=""),"",entrada!L42) -> 0.0091683312 | F33: =IF(OR(entrada!M42=0,entrada!M42=""),"",entrada!M42) -> 0.015 | G33: =IF(OR(entrada!N42=0,entrada!N42=""),"",entrada!N42) -> 0.015 | H33: =IF(OR(entrada!O42=0,entrada!O42=""),"",entrada!O42) -> 0.015 | I33: =IF(OR(entrada!P42=0,entrada!P42=""),"",entrada!P42) -> 0.015 | J33: =IF(OR(entrada!Q42=0,entrada!Q42=""),"",entrada!Q42) | K33: =IF(OR(entrada!R42=0,entrada!R42=""),"",entrada!R42) -> 0.015 | L33: =IF(OR(entrada!V42=0,entrada!V42=""),"",entrada!V42) | M33: =IF(OR(entrada!W42=0,entrada!W42=""),"",entrada!W42) -> 0.015
B34: =IF(OR(entrada!B43=0,entrada!B43=""),"",entrada!B43) -> *2 NTC 1061:2020 ALCANCE: no aplica para organicos | C34: =IF(OR(entrada!C43=0,entrada!C43=""),"",entrada!C43) | D34: =IF(OR(entrada!D43=0,entrada!D43=""),"",entrada!D43) | E34: =IF(OR(entrada!L43=0,entrada!L43=""),"",entrada!L43) | F34: =IF(OR(entrada!M43=0,entrada!M43=""),"",entrada!M43) | G34: =IF(OR(entrada!N43=0,entrada!N43=""),"",entrada!N43) | H34: =IF(OR(entrada!O43=0,entrada!O43=""),"",entrada!O43) | I34: =IF(OR(entrada!P43=0,entrada!P43=""),"",entrada!P43) | J34: =IF(OR(entrada!Q43=0,entrada!Q43=""),"",entrada!Q43) | K34: =IF(OR(entrada!R43=0,entrada!R43=""),"",entrada!R43) | L34: =IF(OR(entrada!V43=0,entrada!V43=""),"",entrada!V43) | M34: =IF(OR(entrada!W43=0,entrada!W43=""),"",entrada!W43)
... B41: =IF(OR(entrada!B50=0,entrada!B50=""),"",entrada!B50) | C41: =IF(OR(entrada!C50=0,entrada!C50=""),"",entrada!C50) | D41: =IF(OR(entrada!D50=0,entrada!D50=""),"",entrada!D50) | E41: =IF(OR(entrada!L50=0,entrada!L50=""),"",entrada!L50) | F41: =IF(OR(entrada!M50=0,entrada!M50=""),"",entrada!M50) | G41: =IF(OR(entrada!N50=0,entrada!N50=""),"",entrada!N50) | H41: =IF(OR(entrada!O50=0,entrada!O50=""),"",entrada!O50) | I41: =IF(OR(entrada!P50=0,entrada!P50=""),"",entrada!P50) | J41: =IF(OR(entrada!Q50=0,entrada!Q50=""),"",entrada!Q50) | K41: =IF(OR(entrada!R50=0,entrada!R50=""),"",entrada!R50) | L41: =IF(OR(entrada!V50=0,entrada!V50=""),"",entrada!V50) | M41: =IF(OR(entrada!W50=0,entrada!W50=""),"",entrada!W50)
B42: =IF(OR(entrada!B53=0,entrada!B53=""),"",entrada!B53) | C42: =IF(OR(entrada!C53=0,entrada!C53=""),"",entrada!C53) | D42: =IF(OR(entrada!D53=0,entrada!D53=""),"",entrada!D53) | E42: =IF(OR(entrada!L53=0,entrada!L53=""),"",entrada!L53) | F42: =IF(OR(entrada!M53=0,entrada!M53=""),"",entrada!M53) | G42: =IF(OR(entrada!N53=0,entrada!N53=""),"",entrada!N53) | H42: =IF(OR(entrada!O53=0,entrada!O53=""),"",entrada!O53) | I42: =IF(OR(entrada!P53=0,entrada!P53=""),"",entrada!P53) | J42: =IF(OR(entrada!Q53=0,entrada!Q53=""),"",entrada!Q53) | K42: =IF(OR(entrada!R53=0,entrada!R53=""),"",entrada!R53) | L42: =IF(OR(entrada!V53=0,entrada!V53=""),"",entrada!V53) | M42: =IF(OR(entrada!W53=0,entrada!W53=""),"",entrada!W53)
